45;Eastern Kingdoms (X:2924.38 Y:-798.429 Z:161.611)
60;24 (X:47.614 Y:-28.946 Z:-8.818)
71;Eastern Kingdoms (X:-10645.9 Y:1179.06 Z:48.178)
78;Eastern Kingdoms (X:-11208.5 Y:1685.34 Z:25.761)
81;28 (X:-259.246979 Y:137.751175 Z:36.568306)
83;28 (X:254.569397 Y:-4.322051 Z:6.486521)
84;Eastern Kingdoms (X:16449.9 Y:16393.199 Z:69.444)
87;Eastern Kingdoms (X:-9077.34 Y:-552.925 Z:60.348)
88;Eastern Kingdoms (X:-9843.54 Y:127.525 Z:5.37)
97;Eastern Kingdoms (X:-5660.33 Y:755.299 Z:389.605)
98;Eastern Kingdoms (X:-11634.8 Y:-54.07 Z:13.444)
100;Eastern Kingdoms (X:2019.349 Y:1904.359 Z:105.144)
101;Eastern Kingdoms (X:-8761.85 Y:848.557 Z:87.805)
107;Eastern Kingdoms (X:-8667.56 Y:623.563 Z:85.405)
145;Eastern Kingdoms (X:-229.49 Y:1576.35 Z:78.891)
168;Eastern Kingdoms (X:-5584.207 Y:759.832 Z:384.29)
169;Eastern Kingdoms (X:-5586.46 Y:679.298 Z:384.955)
171;Eastern Kingdoms (X:-5763.72 Y:-3439.58 Z:306.366)
173;Eastern Kingdoms (X:1058.11 Y:1554.68 Z:-15)
175;Eastern Kingdoms (X:-4086.36 Y:-2610.95 Z:46.014)
178;Eastern Kingdoms (X:683.771 Y:-912.144 Z:174.5)
196;Eastern Kingdoms (X:-12153.621 Y:894.014 Z:9.539)
197;Eastern Kingdoms (X:-9796.18 Y:157.773 Z:25.388)
284;Eastern Kingdoms (X:-8681.37 Y:434.406 Z:99.258)
286;Eastern Kingdoms (X:-6053.73 Y:-2954.63 Z:213.686)
324;Eastern Kingdoms (X:-5161.33 Y:939.623 Z:258.288)
342;Eastern Kingdoms (X:-9029.174 Y:-608.329 Z:56.468)
362;Eastern Kingdoms (X:-10429.435 Y:-3828.841 Z:-31.63)
382;Eastern Kingdoms (X:-8681.4 Y:434.439 Z:99.259)
446;Eastern Kingdoms (X:-10162.7 Y:-3998.65 Z:-107.978)
482;Eastern Kingdoms (X:-8932.78 Y:-1986.4 Z:139.905)
523;Eastern Kingdoms (X:-4858.27 Y:785.03 Z:241.06)
562;Eastern Kingdoms (X:-9465.58 Y:16.847 Z:65.921)
610;Eastern Kingdoms (X:2925.18 Y:-820.545 Z:161.634)
612;Eastern Kingdoms (X:2877.98 Y:-839.267 Z:163.049)
614;Eastern Kingdoms (X:2859.73 Y:-824.91 Z:162.083)
682;Eastern Kingdoms (X:-9219.37 Y:-2149.94 Z:70.606)
702;Eastern Kingdoms (X:-9023.26 Y:892.398 Z:33.51)
704;Eastern Kingdoms (X:-9020.09 Y:880.502 Z:151.576)
707;Eastern Kingdoms (X:-10517 Y:-1158.39 Z:39.054)
708;Eastern Kingdoms (X:-854.547 Y:-576.314 Z:18.466)
710;Eastern Kingdoms (X:-5601.46 Y:-530.747 Z:395.483)
712;Eastern Kingdoms (X:-5390.18 Y:-2953.93 Z:322.03)
713;Eastern Kingdoms (X:-3823.06 Y:-834.526 Z:18.279)
719;Eastern Kingdoms (X:2266.68 Y:245.993 Z:44.415)
720;Eastern Kingdoms (X:511.536 Y:1638.63 Z:75.417)
721;Eastern Kingdoms (X:-4.944 Y:-934.91 Z:62.469)
802;Eastern Kingdoms (X:-3752.81 Y:-851.558 Z:10.115)
803;Eastern Kingdoms (X:-3668.34 Y:-823.839 Z:9.899)
844;Eastern Kingdoms (X:-10487.3 Y:-3256.87 Z:39.896)
862;Eastern Kingdoms (X:-14457 Y:496.45 Z:39.139)
902;Eastern Kingdoms (X:-6606.48 Y:-3762.19 Z:266.91)
1042;Eastern Kingdoms (X:357.22 Y:-2106.09 Z:121.839)
1103;Eastern Kingdoms (X:-14468 Y:457.513 Z:15.982)
1104;Eastern Kingdoms (X:-5096.76 Y:750.205 Z:260.55)
1125;Eastern Kingdoms (X:-8561.54 Y:823.383 Z:106.519)
1205;Eastern Kingdoms (X:-295.639 Y:-3460.68 Z:193.884)
1426;Eastern Kingdoms (X:-11204.5 Y:-2730.61 Z:14.897)
1427;Eastern Kingdoms (X:-11079.7 Y:-2855.64 Z:10.691)
1428;Eastern Kingdoms (X:-11208.1 Y:-2960.48 Z:9.214)
1429;Eastern Kingdoms (X:-11337.4 Y:-2848.93 Z:9.344)
1446;Eastern Kingdoms (X:-11185.1 Y:-2834.63 Z:116.474)
1466;Eastern Kingdoms (X:-7176.63 Y:-937.667 Z:170.206)
1468;Eastern Kingdoms (X:-7518.19 Y:-1239.13 Z:287.243)
1506;Eastern Kingdoms (X:-7921.14 Y:-2604.18 Z:223.346)
1606;Eastern Kingdoms (X:-6657.35 Y:-2157.1 Z:264.133)
1646;Eastern Kingdoms (X:-907.865 Y:-3534.24 Z:83.788)
2146;Eastern Kingdoms (X:16299.2 Y:16277.3 Z:73.972)
2173;Eastern Kingdoms (X:-8346.46 Y:514.031 Z:96.599)
2175;Eastern Kingdoms (X:-4840.26 Y:-1330.46 Z:508.172)
2214;Eastern Kingdoms (X:3237.46 Y:-4060.6 Z:112.01)
2216;Eastern Kingdoms (X:3392.46 Y:-3396.77 Z:143.073)
2217;Eastern Kingdoms (X:3392.56 Y:-3361.78 Z:142.802)
2246;Eastern Kingdoms (X:1757.26 Y:-1165.93 Z:59.603)
2248;Eastern Kingdoms (X:1855.13 Y:-1569.22 Z:59.182)
2250;Eastern Kingdoms (X:1462.13 Y:-1864.02 Z:58.703)
2252;Eastern Kingdoms (X:1668.12 Y:-2282.56 Z:59.222)
2387;Eastern Kingdoms (X:-9897.21 Y:-3725.09 Z:24.667)
2412;Eastern Kingdoms (X:97.432 Y:-176.274 Z:127.866)
2413;Eastern Kingdoms (X:544.83 Y:-1079.95 Z:109.494)
2567;Eastern Kingdoms (X:1282.05 Y:-2548.73 Z:85.399)
2626;Eastern Kingdoms (X:1756.79 Y:-1200.15 Z:60.735)
2627;Eastern Kingdoms (X:1723.32 Y:-1198.38 Z:60.01)
2628;Eastern Kingdoms (X:1723.1 Y:-1166.71 Z:59.577)
2629;Eastern Kingdoms (X:1879.599 Y:-1546.083 Z:59.03)
2630;Eastern Kingdoms (X:1903 Y:-1570.26 Z:59.703)
2631;Eastern Kingdoms (X:1878.08 Y:-1593.74 Z:59.474)
2632;Eastern Kingdoms (X:1487.03 Y:-1840.91 Z:58.667)
2633;Eastern Kingdoms (X:1510.46 Y:-1863.24 Z:59.106)
2634;Eastern Kingdoms (X:1485.61 Y:-1888.69 Z:59.09)
2635;Eastern Kingdoms (X:1681.117 Y:-2250.932 Z:59.021)
2636;Eastern Kingdoms (X:1712.75 Y:-2263.28 Z:64.089)
2637;Eastern Kingdoms (X:1700.25 Y:-2295.36 Z:58.985)
2647;Eastern Kingdoms (X:2841.81 Y:-1544.52 Z:190.516)
2706;Eastern Kingdoms (X:2964.56 Y:-2712.89 Z:98.745)
2707;Eastern Kingdoms (X:2980.1 Y:-2720.92 Z:99.934)
2726;Eastern Kingdoms (X:1868.96 Y:-3223.39 Z:123.065)
2746;Eastern Kingdoms (X:-8821.36 Y:633.297 Z:94.076)
2786;Eastern Kingdoms (X:-9050.87 Y:445.458 Z:93.056)
3066;Eastern Kingdoms (X:40.967 Y:-1490.37 Z:174.516)
3106;Eastern Kingdoms (X:-30.053 Y:-1576.5 Z:194.453)
3366;Eastern Kingdoms (X:2832.07 Y:-1540.48 Z:190.165)
3367;Eastern Kingdoms (X:2843.4 Y:-1553.26 Z:190.721)
3528;Eastern Kingdoms (X:-7510.87 Y:-1035.87 Z:182.952)
3529;Eastern Kingdoms (X:-7512.16 Y:-1034.78 Z:177.208)
3530;Eastern Kingdoms (X:-8536.18 Y:452.165 Z:104.917)
3547;Eastern Kingdoms (X:1642.1 Y:239.843 Z:62.592)
3548;Eastern Kingdoms (X:-4754.56 Y:-3313.8 Z:313.564)
3552;Eastern Kingdoms (X:-11413.6 Y:1954.91 Z:14.241)
3606;Eastern Kingdoms (X:-7514.81 Y:-1033.12 Z:163.806)
3690;Eastern Kingdoms (X:-622.142 Y:-4582.14 Z:21)
3847;Eastern Kingdoms (X:-7663.4 Y:-1218.37 Z:287.788)
3886;Eastern Kingdoms (X:-12432.8 Y:205.169 Z:2.365)
3928;Eastern Kingdoms (X:-11915.8 Y:-1236.43 Z:96.15)
3953;Eastern Kingdoms (X:-1189.27 Y:-2532.19 Z:22.705)
3954;Eastern Kingdoms (X:-811.425 Y:-3505.82 Z:73.138)
3991;Eastern Kingdoms (X:1733.32 Y:526.474 Z:34.249)
4017;Eastern Kingdoms (X:-10636.2 Y:-391.307 Z:101.878)
4026;Eastern Kingdoms (X:-5049.34 Y:-818.454 Z:495.295)
4028;Eastern Kingdoms (X:2051.36 Y:272.572 Z:57.163)
4029;Eastern Kingdoms (X:-14294.3 Y:516.088 Z:8.954)
4030;Eastern Kingdoms (X:-3755.105 Y:-775.705 Z:9.888)
4032;Eastern Kingdoms (X:-8823.48 Y:540.301 Z:96.904)
4058;Eastern Kingdoms (X:2298.17 Y:-5340.98 Z:90.88)
4092;Eastern Kingdoms (X:-9242.97 Y:419.162 Z:86.538)
4094;Eastern Kingdoms (X:-9240.96 Y:238.408 Z:71.388)
4095;Eastern Kingdoms (X:-9182.62 Y:414.857 Z:89.558)
4096;Eastern Kingdoms (X:-9218.13 Y:318.627 Z:73.884)
4098;Eastern Kingdoms (X:-5273.18 Y:-739.621 Z:391.011)
4099;Eastern Kingdoms (X:-5375.6 Y:-735.182 Z:396.017)
4100;Eastern Kingdoms (X:1979.99 Y:305.252 Z:41.187)
4131;Eastern Kingdoms (X:-11101.9 Y:-1998.12 Z:49.331)
4135;Eastern Kingdoms (X:-11041.9 Y:-1995.01 Z:93.033)
4189;Eastern Kingdoms (X:1782.2 Y:151.592 Z:-62.29)
4294;Eastern Kingdoms (X:2541.943 Y:-4785.322 Z:117.451)
4354;Eastern Kingdoms (X:-11908.9 Y:-3209.1 Z:-14.79)
4409;Eastern Kingdoms (X:3483.58 Y:-4510.19 Z:138.138)
4712;Eastern Kingdoms (X:-5139.78 Y:-623.597 Z:397.409)
4715;Eastern Kingdoms (X:-5172.12 Y:-611.084 Z:397.217)
4716;Eastern Kingdoms (X:-5140.403 Y:-596.007 Z:397.494)
4718;Eastern Kingdoms (X:-5173.604 Y:-624.05 Z:397.176)
4733;Eastern Kingdoms (X:-9017.1 Y:876.97 Z:148.618)
4734;Eastern Kingdoms (X:-9020.4 Y:889.086 Z:29.621)
4769;Eastern Kingdoms (X:-4920.97 Y:-954.649 Z:501.512)
4770;Eastern Kingdoms (X:-4704.66 Y:-1218.95 Z:501.659)
4772;Eastern Kingdoms (X:-4969.57 Y:-1204.68 Z:501.621)
4774;Eastern Kingdoms (X:-4662.94 Y:-956.396 Z:500.377)
4786;Eastern Kingdoms (X:-5604.45 Y:-462.581 Z:401.93)
4787;Eastern Kingdoms (X:-5202.517 Y:-487.071 Z:388.799)
4788;Eastern Kingdoms (X:-5604.1 Y:-462.396 Z:402.061)
4789;Eastern Kingdoms (X:-5202.628 Y:-486.892 Z:388.821)
4820;Eastern Kingdoms (X:-5187.41 Y:-557.625 Z:397.176)
4990;Eastern Kingdoms (X:-481.042 Y:1492.95 Z:19.932)
5127;Eastern Kingdoms (X:2479.34 Y:-5495.73 Z:421.841)
5128;Eastern Kingdoms (X:2469.29 Y:-5545.84 Z:546.101)
5129;Eastern Kingdoms (X:2362.55 Y:-5574.54 Z:421.838)
5130;Eastern Kingdoms (X:2412.68 Y:-5584.65 Z:546.101)
5131;Eastern Kingdoms (X:2558.37 Y:-5612.56 Z:421.835)
5132;Eastern Kingdoms (X:2508.14 Y:-5602.5 Z:546.101)
5133;Eastern Kingdoms (X:2441.37 Y:-5691.42 Z:421.834)
5134;Eastern Kingdoms (X:2451.5 Y:-5641.27 Z:546.101)
5135;Eastern Kingdoms (X:2427.67 Y:-5548.64 Z:542.091)
5136;Eastern Kingdoms (X:2505.39 Y:-5563.9 Z:542.089)
5137;Eastern Kingdoms (X:2419.03 Y:-5622.17 Z:542.071)
5138;Eastern Kingdoms (X:2486.99 Y:-5636.42 Z:542.136)
5537;Eastern Kingdoms (X:1419.72 Y:442.84 Z:-77.237)
5538;Eastern Kingdoms (X:1390.95 Y:416.715 Z:-77.237)
5703;Eastern Kingdoms (X:-9033.27 Y:352.936 Z:92.981)
5704;Eastern Kingdoms (X:-8867.9 Y:652.444 Z:95.919)
5710;Eastern Kingdoms (X:-8907.56 Y:628.035 Z:99.523)
5711;Eastern Kingdoms (X:-8807.06 Y:666.099 Z:99.201)
5712;Eastern Kingdoms (X:-8756.03 Y:657.33 Z:106.091)
5807;Eastern Kingdoms (X:-5161.63 Y:642.471 Z:343.223)
5827;Eastern Kingdoms (X:-9459.77 Y:516.826 Z:56.289)
5828;Eastern Kingdoms (X:-8966.15 Y:511.01 Z:96.353)
5829;Eastern Kingdoms (X:-9646.03 Y:679.736 Z:37.414)
5830;Eastern Kingdoms (X:-9465.25 Y:61.84 Z:55.915)
5831;Eastern Kingdoms (X:-8553.13 Y:1208.18 Z:5.22)
205;Kalimdor (X:-1895.78 Y:-1109.04 Z:86.183)
216;Kalimdor (X:90.1 Y:-1943.44 Z:79.473)
217;Kalimdor (X:10708.8 Y:762.092 Z:1321.37)
218;Kalimdor (X:9859.09 Y:588.761 Z:1300.61)
219;Kalimdor (X:9556.24 Y:1654.77 Z:1299.49)
220;Kalimdor (X:10675.2 Y:1857.45 Z:1324.17)
223;Kalimdor (X:4508.17 Y:373.376 Z:32.513)
224;Kalimdor (X:4605.57 Y:385.158 Z:31.483)
225;Kalimdor (X:4558.36 Y:421.446 Z:33.743)
228;Kalimdor (X:-753.596 Y:-2212.78 Z:21.54)
230;Kalimdor (X:6744.98 Y:41.116 Z:47.604)
231;Kalimdor (X:5996.56 Y:365.21 Z:21.866)
232;Kalimdor (X:5980.17 Y:330.669 Z:21.765)
233;Kalimdor (X:4916.99 Y:328.43 Z:36.768)
234;Kalimdor (X:4641.19 Y:55.38 Z:66.631)
235;Kalimdor (X:4554.65 Y:146.354 Z:59.503)
236;Kalimdor (X:4643.38 Y:145.349 Z:57.905)
237;Kalimdor (X:4504.31 Y:32.33 Z:86.491)
238;Kalimdor (X:6876.28 Y:-486.029 Z:40.144)
239;Kalimdor (X:3469.43 Y:847.62 Z:5.365)
244;Kalimdor (X:-4456.7 Y:-1655.99 Z:86.109)
246;Kalimdor (X:-4932.53 Y:-1596.05 Z:84.816)
257;Kalimdor (X:4252.37 Y:756.974 Z:-23.063)
302;Kalimdor (X:-3463.26 Y:-4123.13 Z:17.104)
303;Kalimdor (X:-4058.75 Y:-2732.54 Z:35.33)
422;Kalimdor (X:-93.161 Y:1691.15 Z:89.065)
442;Kalimdor (X:-4666.52 Y:-2536.82 Z:86.967)
522;Kalimdor (X:-1679.3 Y:-4328.96 Z:2.586)
527;Kalimdor (X:9947.48 Y:2630.04 Z:1318.6)
542;Kalimdor (X:8799.41 Y:969.787 Z:30.241)
709;Kalimdor (X:-3615.49 Y:-4467.34 Z:24.314)
715;Kalimdor (X:9809.05 Y:959.188 Z:1315.35)
716;Kalimdor (X:6410.01 Y:527.035 Z:14.058)
717;Kalimdor (X:2756.64 Y:-423.057 Z:119.387)
722;Kalimdor (X:-2366.7 Y:-345.983 Z:-1.293)
742;Kalimdor (X:-405.311 Y:-2645.29 Z:111.972)
743;Kalimdor (X:-1051.44 Y:-3653.81 Z:31.135)
843;Kalimdor (X:341.42 Y:-4684.7 Z:30.949)
924;Kalimdor (X:-6773.49 Y:-2889.77 Z:15.106)
942;Kalimdor (X:-4950.65 Y:-1625.14 Z:-3.016)
943;Kalimdor (X:-4950.74 Y:-1595.14 Z:-3.016)
944;Kalimdor (X:-4950.65 Y:-1567.1 Z:-3.016)
982;Kalimdor (X:-2372.51 Y:-1991.64 Z:120.975)
1022;Kalimdor (X:898.482 Y:922.688 Z:126.788)
1023;Kalimdor (X:-7162.14 Y:-3845.95 Z:8.782)
1024;Kalimdor (X:-4370.83 Y:3289.15 Z:23.782)
1025;Kalimdor (X:-4461.92 Y:242.578 Z:45.246)
1387;Kalimdor (X:4260.73 Y:-6273.64 Z:90.229)
1388;Kalimdor (X:4277.58 Y:-6296 Z:95.576)
1667;Kalimdor (X:-3464.71 Y:-4120.93 Z:17.099)
1726;Kalimdor (X:-7286.01 Y:-2125.06 Z:-272.114)
1727;Kalimdor (X:-7208.42 Y:-2027.09 Z:-271.74)
1728;Kalimdor (X:-7170.02 Y:-1852.79 Z:-272.988)
1729;Kalimdor (X:-7395.19 Y:-1735.68 Z:-279.763)
1730;Kalimdor (X:-7449.9 Y:-2111.57 Z:-271.766)
1731;Kalimdor (X:-7463.35 Y:-1957.64 Z:-272.532)
1732;Kalimdor (X:-7509.58 Y:-1946.56 Z:-270.537)
1733;Kalimdor (X:-7516.87 Y:-1829.76 Z:-272.647)
1734;Kalimdor (X:-7594.12 Y:-1771.62 Z:-273.612)
1735;Kalimdor (X:-7748.9 Y:-1721.14 Z:-271.909)
1736;Kalimdor (X:-7768.61 Y:-1957.63 Z:-272.126)
1737;Kalimdor (X:-7612.56 Y:-1930.87 Z:-271.828)
1738;Kalimdor (X:-7952.2 Y:-1792.01 Z:-272.893)
1739;Kalimdor (X:-7895.29 Y:-1623.62 Z:-269.707)
1740;Kalimdor (X:-7874.18 Y:-1806.3 Z:-271.459)
1766;Kalimdor (X:-7308.713 Y:-2001.473 Z:-272.451)
1906;Kalimdor (X:6818.56 Y:-391.735 Z:40.123)
1966;Kalimdor (X:4988.97 Y:547.002 Z:5.379)
2206;Kalimdor (X:5483.9 Y:-749.881 Z:334.621)
2207;Kalimdor (X:5552.09 Y:-683.813 Z:335.25)
2208;Kalimdor (X:5587.02 Y:-784.025 Z:335.822)
2211;Kalimdor (X:6107.62 Y:-4181.6 Z:852.322)
2213;Kalimdor (X:5893.32 Y:-4054.83 Z:596.322)
2230;Kalimdor (X:1818.4 Y:-4427.26 Z:-10.448)
2266;Kalimdor (X:245.587 Y:1251.99 Z:210.145)
2267;Kalimdor (X:-1596.16 Y:3145.26 Z:61.362)
2286;Kalimdor (X:-5477.91 Y:-2460.32 Z:89.284)
2287;Kalimdor (X:6687.99 Y:-4670.07 Z:723.891)
2327;Kalimdor (X:5018.91 Y:-4563.94 Z:851.75)
2486;Kalimdor (X:6207.5 Y:-152.833 Z:79.818)
2610;Kalimdor (X:2343.57 Y:-2569 Z:118.827)
2848;Kalimdor (X:-4768.61 Y:-3752.11 Z:53.432)
2926;Kalimdor (X:1999.15 Y:-1121.28 Z:97.354)
2946;Kalimdor (X:2.006 Y:402.673 Z:101.012)
3133;Kalimdor (X:-1484.07 Y:2617.57 Z:75.714)
3134;Kalimdor (X:-1181.98 Y:2861.95 Z:85.258)
3146;Kalimdor (X:-7180.94 Y:441.137 Z:26.545)
3183;Kalimdor (X:-3730.48 Y:933.975 Z:160.973)
3184;Kalimdor (X:-3981.58 Y:771.193 Z:160.962)
3185;Kalimdor (X:-4028.21 Y:123.966 Z:26.811)
3186;Kalimdor (X:-3837.79 Y:1250.23 Z:160.223)
3187;Kalimdor (X:-3741.96 Y:1249.18 Z:160.217)
3189;Kalimdor (X:-3520.65 Y:1068.72 Z:161.128)
3546;Kalimdor (X:9933.94 Y:2500.98 Z:1317.82)
3549;Kalimdor (X:1253.79 Y:-2227.52 Z:92.248)
3550;Kalimdor (X:-959.299 Y:-3759.21 Z:4.986)
3551;Kalimdor (X:-998.183 Y:-3822.07 Z:5.295)
3586;Kalimdor (X:6221.84 Y:-1152.75 Z:383.231)
3587;Kalimdor (X:6221.89 Y:-1153 Z:383.272)
3650;Kalimdor (X:1422.33 Y:-1855.33 Z:135.775)
3654;Kalimdor (X:1034.19 Y:-2087.74 Z:123.372)
3985;Kalimdor (X:-6864.98 Y:731.612 Z:50)
3986;Kalimdor (X:-8215.09 Y:-4622.04 Z:7.532)
4008;Kalimdor (X:-8424.94 Y:1508.65 Z:32.014)
4010;Kalimdor (X:-8230.4 Y:2005.33 Z:129.863)
4015;Kalimdor (X:5085.82 Y:-5110.64 Z:929.979)
4027;Kalimdor (X:1332.27 Y:-4607.67 Z:24.369)
4031;Kalimdor (X:-7166.06 Y:-3917.94 Z:9.396)
4085;Kalimdor (X:7763.328 Y:-4010.724 Z:694.28)
4090;Kalimdor (X:2716.6 Y:1496.82 Z:236.828)
4101;Kalimdor (X:1179.46 Y:-4564.49 Z:20.486)
4102;Kalimdor (X:1204.86 Y:-4536.29 Z:18.91)
4103;Kalimdor (X:-1545.39 Y:51.301 Z:5.393)
4104;Kalimdor (X:9914.17 Y:1864.67 Z:1321.26)
4105;Kalimdor (X:9948.01 Y:1932.53 Z:1328.7)
4162;Kalimdor (X:-7142.04 Y:1397.92 Z:4.327)
4168;Kalimdor (X:-7588.48 Y:756.806 Z:-16.425)
4299;Kalimdor (X:-7376.84 Y:447.272 Z:4.52)
4319;Kalimdor (X:-8158.9 Y:-4155.65 Z:-163.341)
4320;Kalimdor (X:-8777.39 Y:-4156.92 Z:-208.068)
4321;Kalimdor (X:-8326.27 Y:-4047.44 Z:-207.522)
4666;Kalimdor (X:3637.82 Y:-3957.88 Z:20.258)
4667;Kalimdor (X:3263.37 Y:-4082.66 Z:28.33)
4670;Kalimdor (X:2869.6 Y:-3860.63 Z:28.264)
4671;Kalimdor (X:2634.73 Y:-3743.65 Z:15.585)
4672;Kalimdor (X:2416.39 Y:-3682.47 Z:22.1)
4673;Kalimdor (X:3451.85 Y:-4011.01 Z:21.31)
4680;Kalimdor (X:-381.844 Y:-2022.349 Z:92.109)
4681;Kalimdor (X:-378.178 Y:-2043.2 Z:92.577)
4682;Kalimdor (X:-399.253 Y:-2032.17 Z:91.667)
4714;Kalimdor (X:-4622.31 Y:-3172.12 Z:34.813)
4719;Kalimdor (X:-2108.45 Y:-437.26 Z:-7.832)
4720;Kalimdor (X:-2494.57 Y:-4989.33 Z:94.235)
4752;Kalimdor (X:-4234.48 Y:-3909.55 Z:-4.463)
4775;Kalimdor (X:-3182.41 Y:-2920.82 Z:33.563)
4797;Kalimdor (X:1216.83 Y:-4284.87 Z:22.936)
4798;Kalimdor (X:1179.15 Y:-4301.63 Z:21.086)
4799;Kalimdor (X:1195.85 Y:-4268.25 Z:21.573)
4800;Kalimdor (X:1178.13 Y:-4287.65 Z:21.188)
4801;Kalimdor (X:1646.766 Y:-4413.3 Z:16.729)
4802;Kalimdor (X:1953.4 Y:-4687.29 Z:24.934)
4803;Kalimdor (X:1931.22 Y:-4288.55 Z:27.101)
4804;Kalimdor (X:1573.08 Y:-4183.07 Z:40.141)
4807;Kalimdor (X:835.072 Y:-4515.311 Z:5.789)
4808;Kalimdor (X:1283.798 Y:-4406.811 Z:26.345)
4809;Kalimdor (X:1284.24 Y:-4406.838 Z:26.337)
4810;Kalimdor (X:835.314 Y:-4515.071 Z:5.789)
4829;Kalimdor (X:1200.66 Y:-4377.62 Z:24.649)
5047;Kalimdor (X:-6157.59 Y:-1336.14 Z:-167.924)
5049;Kalimdor (X:-6161.97 Y:-1331.44 Z:-168.959)
5150;Kalimdor (X:-8758.78 Y:-4469.58 Z:-201.283)
5263;Kalimdor (X:1331.59 Y:-4355.54 Z:28.272)
5264;Kalimdor (X:1335.56 Y:-4413.71 Z:27.078)
5265;Kalimdor (X:1289.09 Y:-4422.08 Z:26.611)
5266;Kalimdor (X:1352.31 Y:-4348.65 Z:27.138)
5267;Kalimdor (X:1368.4 Y:-4411 Z:29.349)
5268;Kalimdor (X:1434.07 Y:-4360.26 Z:25.235)
5269;Kalimdor (X:1438.2 Y:-4423.43 Z:25.235)
5270;Kalimdor (X:1511.28 Y:-4428.26 Z:20.892)
5271;Kalimdor (X:1505.17 Y:-4400.86 Z:21.423)
5272;Kalimdor (X:1591.25 Y:-4426.46 Z:8.756)
5279;Kalimdor (X:1920.17 Y:-4126.34 Z:42.915)
5311;Kalimdor (X:1921.7 Y:-4147.27 Z:40.411)
5462;Kalimdor (X:-6161.17 Y:-1332.44 Z:-168.592)
5463;Kalimdor (X:-6154.7 Y:-1339.48 Z:-168.311)
5464;Kalimdor (X:-6159.64 Y:-1334.02 Z:-168.114)
5485;Kalimdor (X:-1048 Y:-288.609 Z:159.03)
5518;Kalimdor (X:7886.83 Y:-2500.47 Z:489.294)
5557;Kalimdor (X:9684.39 Y:2525.01 Z:1335.11)
5705;Kalimdor (X:1391.4 Y:-4486.09 Z:31.45)
5706;Kalimdor (X:1657.97 Y:-4391.8 Z:23.503)
5714;Kalimdor (X:1669.51 Y:-4433.55 Z:19.63)
5715;Kalimdor (X:1615.24 Y:-4380 Z:12.637)
5716;Kalimdor (X:1766.86 Y:-4343.76 Z:-6.82)
5802;Kalimdor (X:1226.9 Y:-4579.15 Z:18.138)
5810;Kalimdor (X:1247.45 Y:-4162.7 Z:26.855)
5813;Kalimdor (X:1342.61 Y:-4651.11 Z:46.524)
5814;Kalimdor (X:1164.11 Y:-4158.41 Z:43.494)
5815;Kalimdor (X:306.24 Y:-4742.72 Z:10.28)
5843;Kalimdor (X:-1121.76 Y:-5126.14 Z:2.887)
5847;Kalimdor (X:-972.738 Y:-5181.02 Z:4.458)
5848;Kalimdor (X:-816.543 Y:-5362.64 Z:2.356)
95;Alterac Valley (X:-409.828 Y:-802.771 Z:-13.247)
2606;Alterac Valley (X:-1510.09 Y:-715.864 Z:48.877)
2608;Alterac Valley (X:946.833 Y:-500.092 Z:94.929)
3326;Alterac Valley (X:-767.073 Y:-358.703 Z:68.658)
3327;Alterac Valley (X:-1221.35 Y:-352.877 Z:57.721)
3328;Alterac Valley (X:-1305.24 Y:-268.868 Z:92.022)
3329;Alterac Valley (X:213.923 Y:-373.737 Z:56.389)
3330;Alterac Valley (X:326.27 Y:-503.789 Z:71.144)
3331;Alterac Valley (X:683.107 Y:-129.846 Z:63.598)
194;Shadowfang Keep (X:-230.953 Y:2105.06 Z:79.753)
254;Shadowfang Keep (X:-236.47 Y:2202.42 Z:97.345)
255;Shadowfang Keep (X:-223.399 Y:2101.97 Z:97.39)
256;Shadowfang Keep (X:-189.006 Y:2145.69 Z:97.39)
2406;Shadowfang Keep (X:-287.071 Y:2175.64 Z:36.886)
2407;Shadowfang Keep (X:-315.991 Y:2179.63 Z:91.754)
2408;Shadowfang Keep (X:-232.372 Y:2077.1 Z:68.118)
2409;Shadowfang Keep (X:-255.273 Y:2035.76 Z:114.437)
2410;Shadowfang Keep (X:-167.092 Y:2104.22 Z:73.45)
2411;Shadowfang Keep (X:-179.729 Y:2079.37 Z:42.694)
5571;Shadowfang Keep (X:-159.274 Y:2231 Z:83.375)
5572;Shadowfang Keep (X:-239.418 Y:2163.03 Z:90.097)
5722;Shadowfang Keep (X:-177.882 Y:2225.03 Z:81)
503;Stormwind Stockade (X:39.374 Y:0.803 Z:-12.788)
109;<unused>StormwindPrison (X:-0.9 Y:16.443 Z:-14.236)
119;Deadmines (X:-14.363 Y:-393.38 Z:64.561)
121;Deadmines (X:-110.76 Y:-1009.19 Z:34.804)
3746;Deadmines (X:-29.555 Y:-374.503 Z:59.356)
226;Wailing Caverns (X:-172.181 Y:138.98 Z:-66.647)
3766;Wailing Caverns (X:-108.563 Y:160.915 Z:-79.791)
242;Razorfen Kraul (X:1936.39 Y:1534.47 Z:86.877)
262;Razorfen Kraul (X:2019.73 Y:2004.6 Z:61.687)
462;Razorfen Kraul (X:2107.72 Y:1823.77 Z:79.97)
463;Razorfen Kraul (X:2165.75 Y:1944.75 Z:61.464)
259;Blackfathom Deeps (X:-148.633 Y:121.08 Z:-33.414)
283;Blackfathom Deeps (X:-527.658 Y:321.109 Z:-50.258)
762;Blackfathom Deeps (X:-842.076 Y:-472.462 Z:-34.066)
288;Uldaman (X:-228.193 Y:34.16 Z:-39.234)
822;Uldaman (X:-234.444 Y:319.127 Z:-47.589)
882;Uldaman (X:-213.72 Y:370.607 Z:-35.389)
322;Gnomeregan (X:-312.205 Y:-4.633 Z:-148.657)
525;Gnomeregan (X:-717.868 Y:1.372 Z:-241.293)
1105;Gnomeregan (X:-377.056 Y:44.05 Z:-156.483)
448;Sunken Temple (X:-300 Y:99 Z:-127)
1306;Sunken Temple (X:-496.854 Y:42.693 Z:-91.132)
1326;Sunken Temple (X:-467.521 Y:95.308 Z:-105)
4016;Sunken Temple (X:-662.106 Y:3.831 Z:-90.835)
444;Razorfen Downs (X:2593.94 Y:1124.64 Z:56.179)
602;Scarlet Monastery (X:1687.57 Y:1040.09 Z:20.983)
604;Scarlet Monastery (X:853.679 Y:1308.1 Z:19.671)
606;Scarlet Monastery (X:1608.65 Y:-308.97 Z:20.782)
608;Scarlet Monastery (X:253.601 Y:-196.804 Z:21.038)
4089;Scarlet Monastery (X:864.623 Y:1321.6 Z:18.068)
4261;Scarlet Monastery (X:1693.77 Y:1053.34 Z:18.725)
4262;Scarlet Monastery (X:1617.18 Y:-323.432 Z:18.678)
4263;Scarlet Monastery (X:269.061 Y:-211.903 Z:19.201)
922;Zul'Farrak (X:1190.35 Y:840.587 Z:13.434)
962;Zul'Farrak (X:1909.27 Y:1015.11 Z:11.516)
1447;Zul'Farrak (X:1811.05 Y:700.976 Z:15.294)
1470;Blackrock Spire (X:73.508 Y:-215.044 Z:52.387)
1628;Blackrock Spire (X:-78.582 Y:-401.395 Z:38.943)
1946;Blackrock Spire (X:70.861 Y:-409.014 Z:64.348)
1986;Blackrock Spire (X:91.085 Y:-408.374 Z:64.348)
1987;Blackrock Spire (X:109.608 Y:-415.698 Z:64.348)
2026;Blackrock Spire (X:153.763 Y:-419.833 Z:110.472)
2046;Blackrock Spire (X:102.43 Y:-319.167 Z:65.464)
2066;Blackrock Spire (X:75.262 Y:-547.679 Z:110.928)
2067;Blackrock Spire (X:26.458 Y:-522.471 Z:110.943)
2068;Blackrock Spire (X:25.928 Y:-299.325 Z:24.11)
3726;Blackrock Spire (X:178.729 Y:-474.412 Z:120.565)
1472;Blackrock Depths (X:456.969 Y:48.368 Z:-65.275)
1526;Blackrock Depths (X:596.432 Y:-188.498 Z:-50)
1590;Blackrock Depths (X:376.106 Y:-191.242 Z:-70.545)
1686;Blackrock Depths (X:319.974 Y:-215.185 Z:-77.954)
1746;Blackrock Depths (X:411.617 Y:-201.646 Z:-65.145)
1786;Blackrock Depths (X:690.518 Y:-280.052 Z:-43.197)
1826;Blackrock Depths (X:471.142 Y:-9.344 Z:-69.799)
1827;Blackrock Depths (X:1380.15 Y:-554.604 Z:-89.643)
1828;Blackrock Depths (X:497.399 Y:13.232 Z:-70.137)
1926;Blackrock Depths (X:845.911 Y:-317.369 Z:-50.287)
2886;Blackrock Depths (X:1097.99 Y:-466.494 Z:-96.072)
4751;Blackrock Depths (X:876.874 Y:-179.58 Z:-43.925)
1064;Onyxia's Lair (X:29.243 Y:-22.181 Z:10.527)
1626;Opening of the Dark Portal (X:3122.2 Y:2324.64 Z:-129.32)
4288;Opening of the Dark Portal (X:-2023.58 Y:7118.58 Z:22.316)
4322;Opening of the Dark Portal (X:-1498.38 Y:7017.88 Z:33.259)
4485;Opening of the Dark Portal (X:-1529.84 Y:7105.86 Z:32.061)
2547;Scholomance (X:332.866 Y:94.311 Z:92.222)
2548;Scholomance (X:322.884 Y:112.137 Z:98.673)
2549;Scholomance (X:325.184 Y:75.618 Z:93.874)
2568;Scholomance (X:182.265 Y:126.45 Z:143.707)
3926;Zul'Gurub (X:-11594.1 Y:-1621.37 Z:47.145)
3930;Zul'Gurub (X:-11917 Y:-1221 Z:97.562)
3956;Zul'Gurub (X:-11918.6 Y:-1433.95 Z:44.545)
3957;Zul'Gurub (X:-11916.8 Y:-1256.7 Z:92.543)
3958;Zul'Gurub (X:-11915.044 Y:-1312.676 Z:77.502)
3959;Zul'Gurub (X:-11945.688 Y:-1597.607 Z:36.757)
3960;Zul'Gurub (X:-11788.9 Y:-1595.06 Z:36.999)
3961;Zul'Gurub (X:-11614.2 Y:-1361.51 Z:76.84)
3962;Zul'Gurub (X:-11957.6 Y:-1819.97 Z:54.311)
3963;Zul'Gurub (X:-12112.9 Y:-1794.63 Z:80.416)
3964;Zul'Gurub (X:-11791 Y:-1562.86 Z:19.742)
3965;Zul'Gurub (X:-11610 Y:-1749.86 Z:38.734)
3966;Zul'Gurub (X:-12072.3 Y:-1479.05 Z:106.495)
2187;Stratholme (X:3673.6 Y:-3633.87 Z:139.943)
2209;Stratholme (X:3665.11 Y:-3164.96 Z:127.224)
2210;Stratholme (X:3663.95 Y:-3164.27 Z:127.361)
2221;Stratholme (X:3584.78 Y:-3632.05 Z:142.118)
3126;Maraudon (X:756.878 Y:-633.96 Z:-32.819)
3131;Maraudon (X:1005.02 Y:-460.539 Z:-43.251)
2166;Deeprun Tram (X:76.027 Y:10.504 Z:-4.297)
2171;Deeprun Tram (X:80.163 Y:2490.88 Z:-1.857)
2226;Ragefire Chasm (X:2.58 Y:-0.014 Z:-13.367)
2890;Molten Core (X:1115.22 Y:-462.959 Z:-95.015)
3190;Dire Maul (X:-55.966 Y:159.867 Z:-3.462)
3191;Dire Maul (X:24.561 Y:159.45 Z:-3.467)
3193;Dire Maul (X:255.249 Y:-9.056 Z:-2.587)
3194;Dire Maul (X:37.45 Y:-154.822 Z:-2.712)
3195;Dire Maul (X:-202.664 Y:-314.876 Z:-2.724)
3196;Dire Maul (X:4.311 Y:-837.085 Z:-33.041)
3197;Dire Maul (X:194.351 Y:-240.821 Z:-25.631)
3506;Dire Maul (X:580.754 Y:487.506 Z:29.464)
3507;Dire Maul (X:580.657 Y:475.885 Z:29.464)
3508;Dire Maul (X:592.507 Y:486.31 Z:29.464)
3509;Dire Maul (X:591.92 Y:476.404 Z:29.464)
2534;Alliance PVP Barracks (X:-0.358 Y:-1.98 Z:-0.256)
2530;Horde PVP Barracks (X:215.194 Y:71.157 Z:30.128)
2416;Development Land (X:16186 Y:16286 Z:52.087)
4750;Development Land (X:15683.66 Y:-15593.958 Z:39.763)
4836;Development Land (X:15838.5 Y:15759.3 Z:11.806)
4840;Development Land (X:14666.9 Y:-16268 Z:0)
4841;Development Land (X:14667.3 Y:-16165.5 Z:0)
4854;Development Land (X:16528.9 Y:16138.8 Z:69.444)
4901;Development Land (X:9456.35 Y:-9920.73 Z:0)
4905;Development Land (X:9542.03 Y:-9877.52 Z:0)
4909;Development Land (X:16116.6 Y:16251.2 Z:69.445)
4911;Development Land (X:9438.03 Y:-9826.76 Z:0)
4953;Development Land (X:4686.16 Y:-328.257 Z:271.202)
4958;Development Land (X:-15914.1 Y:-12969.5 Z:3.294)
4962;Development Land (X:4690.51 Y:-378.871 Z:272.572)
5453;Development Land (X:15634.2 Y:-15578 Z:39.763)
5477;Development Land (X:16217.3 Y:16185.5 Z:69.813)
2426;Blackwing Lair (X:-7474.01 Y:-1286.34 Z:431.304)
2427;Blackwing Lair (X:-7375.32 Y:-1240.14 Z:494.28)
2428;Blackwing Lair (X:-7568.4 Y:-1375.66 Z:468.508)
2429;Blackwing Lair (X:-7412.97 Y:-1371.59 Z:413.426)
3626;Blackwing Lair (X:-7529.1 Y:-1007.19 Z:408.565)
3728;Blackwing Lair (X:-7676.11 Y:-1109.71 Z:399.123)
3646;Warsong Gulch (X:1539.89 Y:1481.36 Z:352.659)
3647;Warsong Gulch (X:918.496 Y:1434.04 Z:346.054)
3649;Warsong Gulch (X:1532.067 Y:1151.667 Z:373.975)
3686;Warsong Gulch (X:1449.767 Y:1470.567 Z:342.625)
3687;Warsong Gulch (X:1005.267 Y:1447.267 Z:335.893)
3688;Warsong Gulch (X:1125.227 Y:1541.501 Z:307.392)
3706;Warsong Gulch (X:1316.967 Y:1550.968 Z:313.234)
3707;Warsong Gulch (X:1319.767 Y:1378.667 Z:314.753)
3708;Warsong Gulch (X:1112.64 Y:1351.11 Z:316.619)
3709;Warsong Gulch (X:1140.067 Y:1560.767 Z:306.824)
4628;Warsong Gulch (X:1470 Y:1475 Z:373.731)
4629;Warsong Gulch (X:973.293 Y:1444.83 Z:367.281)
4006;Ruins of Ahn'Qiraj (X:-8419.58 Y:1504.28 Z:31.736)
3866;Arathi Basin (X:1185.45 Y:1184.71 Z:-56.363)
3867;Arathi Basin (X:817.939 Y:842.369 Z:-56.541)
3868;Arathi Basin (X:809.008 Y:1185.277 Z:11.922)
3869;Arathi Basin (X:1147.01 Y:816.854 Z:-98.399)
3870;Arathi Basin (X:989.852 Y:1009.16 Z:-42.603)
3948;Arathi Basin (X:1394.36 Y:1303.64 Z:-8.026)
3949;Arathi Basin (X:627.192 Y:699.957 Z:-11.992)
4020;Arathi Basin (X:1313.93 Y:1310.77 Z:-7.705)
4021;Arathi Basin (X:683.961 Y:681.23 Z:-12.916)
4674;Arathi Basin (X:976.84 Y:1046.28 Z:-43.817)
4064;Outland (X:7922.68 Y:-6501.51 Z:47.362)
4071;Outland (X:7567.67 Y:-7359.47 Z:161.738)
4108;Outland (X:7557.31 Y:-6889.65 Z:96.027)
4109;Outland (X:7557.44 Y:-6888.65 Z:115)
4150;Outland (X:-365.611 Y:3087.62 Z:-14.559)
4151;Outland (X:-310.211 Y:3091.59 Z:-4.153)
4152;Outland (X:-307.251 Y:3170.51 Z:28.914)
4153;Outland (X:-309.678 Y:3079.12 Z:-116.571)
4170;Outland (X:-17.608 Y:3803.61 Z:94.095)
4186;Outland (X:-3849.14 Y:-12812.3 Z:9.604)
4233;Outland (X:9336.22 Y:-7883.46 Z:74.91)
4240;Outland (X:-4133.42 Y:-12471.8 Z:44.572)
4241;Outland (X:-2058.16 Y:-11895 Z:46.145)
4252;Outland (X:-329.146 Y:2890.05 Z:-52.827)
4253;Outland (X:-274.726 Y:2804.727 Z:-39.514)
4265;Outland (X:8701.48 Y:-6636.8 Z:64)
4267;Outland (X:9285.97 Y:-7916.01 Z:176.13)
4280;Outland (X:-1163.69 Y:-11828.7 Z:28.851)
4291;Outland (X:-111.149 Y:8751.44 Z:18.663)
4293;Outland (X:-751.146 Y:5918.37 Z:15.416)
4298;Outland (X:565.372 Y:6944.28 Z:-14.331)
4300;Outland (X:-201.4 Y:5515.04 Z:22.121)
4301;Outland (X:-383.098 Y:7257.32 Z:55.47)
4326;Outland (X:-2336.63 Y:-11971.4 Z:32.574)
4336;Outland (X:192.903 Y:2607.37 Z:87.284)
4337;Outland (X:-704.893 Y:2733.99 Z:100)
4339;Outland (X:9851.13 Y:-7500.49 Z:-4.002)
4342;Outland (X:304.738 Y:6839.749 Z:40.395)
4345;Outland (X:-3544.86 Y:4008.9 Z:86.294)
4352;Outland (X:-247.677 Y:895.675 Z:84.362)
4356;Outland (X:-248.243 Y:1042.73 Z:54.318)
4363;Outland (X:782.879 Y:6741.94 Z:-72.541)
4364;Outland (X:818.487 Y:6951.3 Z:-80.57)
4365;Outland (X:745.839 Y:7015.27 Z:-72.118)
4368;Outland (X:-3279.52 Y:6024.61 Z:-1.307)
4369;Outland (X:-1511.62 Y:8528.24 Z:3.195)
4370;Outland (X:-711.754 Y:7885.953 Z:46.373)
4371;Outland (X:-790.687 Y:7719.68 Z:49.434)
4372;Outland (X:-1338.25 Y:7223.77 Z:37.687)
4373;Outland (X:229.352 Y:7933.05 Z:35)
4374;Outland (X:282.22 Y:6099 Z:132.479)
4375;Outland (X:-1224.93 Y:7158.39 Z:57.265)
4376;Outland (X:-2734.68 Y:7308.69 Z:71.41)
4377;Outland (X:-2912.374 Y:4024.911 Z:0.425)
4378;Outland (X:-2620.05 Y:4461.38 Z:36.093)
4380;Outland (X:-573.995 Y:4147.89 Z:68.52)
4381;Outland (X:218.737 Y:4333.86 Z:119.044)
4382;Outland (X:-172.555 Y:5524.599 Z:29.408)
4383;Outland (X:1060.506 Y:7372.806 Z:39.342)
4386;Outland (X:6107.26 Y:-6990.64 Z:137.317)
4387;Outland (X:-3080.82 Y:5334.56 Z:17.273)
4389;Outland (X:-2072.47 Y:5278.43 Z:-37.324)
4404;Outland (X:-3361.55 Y:5236.87 Z:-101.048)
4405;Outland (X:-3068.13 Y:4942.8 Z:-101.048)
4406;Outland (X:-3362.35 Y:4650.31 Z:-101.048)
4407;Outland (X:-3656.05 Y:4943.11 Z:-101.048)
4410;Outland (X:-1852.67 Y:5070.02 Z:-32.194)
4415;Outland (X:4160.23 Y:3051.61 Z:337.03)
4416;Outland (X:843.885 Y:6865.24 Z:-66.99)
4422;Outland (X:3044.15 Y:3611.4 Z:143.506)
4425;Outland (X:-1636.51 Y:5301.06 Z:-40.209)
4426;Outland (X:-1831.11 Y:5363.22 Z:-12.428)
4427;Outland (X:-1659.58 Y:5341.87 Z:-46.92)
4428;Outland (X:-1669.868 Y:5424.998 Z:-38.826)
4429;Outland (X:-1871.058 Y:5304.663 Z:-12.428)
4430;Outland (X:-1979.291 Y:5414.715 Z:-12.428)
4431;Outland (X:-1877.93 Y:5546.75 Z:-12.428)
4432;Outland (X:-2013.46 Y:5479.83 Z:3.718)
4433;Outland (X:-2020.33 Y:5481.89 Z:3.286)
4434;Outland (X:-1812.73 Y:5588.32 Z:3.286)
4435;Outland (X:-1815.88 Y:5577.89 Z:3.718)
4439;Outland (X:-591.48 Y:4074.54 Z:93.828)
4440;Outland (X:-591.715 Y:4074.52 Z:143.258)
4443;Outland (X:-2260.12 Y:3219.22 Z:5.997)
4445;Outland (X:-2245.02 Y:3124.32 Z:27.389)
4466;Outland (X:3114.18 Y:3687.98 Z:143.558)
4467;Outland (X:3418.92 Y:1479.01 Z:184.059)
4468;Outland (X:3314.78 Y:1325.92 Z:507.348)
4469;Outland (X:2861.37 Y:1545.39 Z:252.158)
4470;Outland (X:3087.18 Y:1364.53 Z:184.071)
4471;Outland (X:3017.81 Y:3746.68 Z:144.249)
4472;Outland (X:2951.23 Y:3720.13 Z:143.279)
4473;Outland (X:4199.7 Y:1766.39 Z:133.21)
4475;Outland (X:3923.06 Y:3873.36 Z:180.752)
4478;Outland (X:4682.1 Y:2509.13 Z:240.238)
4479;Outland (X:4131.01 Y:2930.3 Z:354.522)
4482;Outland (X:4007.32 Y:1517.18 Z:-115.927)
4486;Outland (X:9477.67 Y:-6858.7 Z:17.358)
4493;Outland (X:281.5 Y:6117 Z:146)
4494;Outland (X:2405 Y:5941 Z:153)
4495;Outland (X:4180.39 Y:3052.91 Z:336.841)
4496;Outland (X:-3836.715 Y:2499.777 Z:84.691)
4497;Outland (X:2345.53 Y:2790.44 Z:133.084)
4499;Outland (X:2099.5 Y:6904.67 Z:183.23)
4506;Outland (X:3905.64 Y:2104.29 Z:139.016)
4507;Outland (X:3895.12 Y:2086.04 Z:136.804)
4521;Outland (X:3070.64 Y:3699.79 Z:142.477)
4523;Outland (X:4798.13 Y:3780.39 Z:213.856)
4526;Outland (X:-2961.93 Y:2559.29 Z:78.518)
4527;Outland (X:-2960.25 Y:2557.16 Z:113)
4528;Outland (X:-4085 Y:2176 Z:111.676)
4529;Outland (X:-4090.08 Y:2202 Z:97.225)
4535;Outland (X:3556.79 Y:5083.41 Z:1.442)
4542;Outland (X:2484.82 Y:6420.38 Z:-10.338)
4546;Outland (X:2035.67 Y:6835 Z:173.7)
4548;Outland (X:-3300.38 Y:2927.28 Z:170.938)
4555;Outland (X:4112.02 Y:3071 Z:339.465)
4556;Outland (X:4131.54 Y:3070.05 Z:339.465)
4557;Outland (X:4097.35 Y:3053.38 Z:341)
4558;Outland (X:1945.36 Y:5537.42 Z:266.63)
4560;Outland (X:-3277.38 Y:2819.63 Z:125.24)
4561;Outland (X:-2829.78 Y:1953.76 Z:202.46)
4562;Outland (X:-2745.24 Y:2730.42 Z:127.776)
4563;Outland (X:-3279.63 Y:2828.46 Z:123.229)
4566;Outland (X:-3278.77 Y:2831 Z:123.02)
4576;Outland (X:3673.1 Y:6638.59 Z:129.145)
4577;Outland (X:-2978.52 Y:864.132 Z:-7.487)
4578;Outland (X:-3277.6 Y:2801.42 Z:122.993)
4579;Outland (X:-3277.47 Y:2803.09 Z:122.986)
4580;Outland (X:3661.05 Y:6755.4 Z:132.499)
4581;Outland (X:-4300.96 Y:1390.93 Z:143.988)
4582;Outland (X:-4124.47 Y:1308.08 Z:54.139)
4583;Outland (X:-4405.35 Y:1302.99 Z:84.945)
4588;Outland (X:-4230.58 Y:1419.35 Z:130.502)
4589;Outland (X:-4109.42 Y:1355.26 Z:72.085)
4590;Outland (X:-4436.02 Y:1276.48 Z:71.619)
4591;Outland (X:813.934 Y:6865.66 Z:-67.715)
4595;Outland (X:2230.12 Y:4716.43 Z:161.946)
4598;Outland (X:-3671.96 Y:318.534 Z:31.619)
4607;Outland (X:-4133.8 Y:1131.44 Z:50)
4608;Outland (X:-4133.8 Y:1131.48 Z:74)
4609;Outland (X:-4118 Y:1158.09 Z:72.258)
4613;Outland (X:3784.54 Y:6727.67 Z:170.447)
4615;Outland (X:3625.02 Y:6543.51 Z:155.006)
4616;Outland (X:3734.4 Y:6639.75 Z:133.646)
4617;Outland (X:3575.69 Y:6666.13 Z:128.489)
4640;Outland (X:3020.92 Y:5434.32 Z:146.617)
4713;Outland (X:-2106.04 Y:5107.84 Z:-0.568)
4722;Outland (X:8702.08 Y:-6636.34 Z:99)
4738;Outland (X:6851.88 Y:-8008.73 Z:192.318)
4847;Outland (X:12831.2 Y:-7011.44 Z:50.593)
4851;Outland (X:9346.08 Y:-7266.77 Z:14.702)
4852;Outland (X:-3999.62 Y:-11909.6 Z:-1.509)
4874;Outland (X:-1983.06 Y:5089.1 Z:7.854)
4887;Outland (X:12878.8 Y:-7348.74 Z:65.531)
4889;Outland (X:12551 Y:-6775.15 Z:15.053)
5151;Outland (X:-4018.04 Y:-12151 Z:2.148)
5152;Outland (X:-4105.23 Y:-12068.7 Z:3.363)
5153;Outland (X:-4184 Y:-12084.5 Z:2.373)
5154;Outland (X:-4156.46 Y:-12123.5 Z:0.433)
5158;Outland (X:9348.22 Y:-7351.72 Z:12.683)
5159;Outland (X:9290.88 Y:-7356.09 Z:24.001)
5160;Outland (X:9252.74 Y:-7315.21 Z:26.007)
5161;Outland (X:9218.45 Y:-7346.95 Z:39.114)
4012;Ahn'Qiraj Temple (X:-8231.33 Y:2003.6 Z:129.861)
4033;Ahn'Qiraj Temple (X:-8546.23 Y:1987.65 Z:-96.521)
4034;Ahn'Qiraj Temple (X:-8545.679 Y:1987.701 Z:-32.939)
4036;Ahn'Qiraj Temple (X:-8578 Y:1986.8 Z:100.22)
4047;Ahn'Qiraj Temple (X:-8967.96 Y:1312.62 Z:-104.696)
4052;Ahn'Qiraj Temple (X:-8176.83 Y:1673.37 Z:-32.218)
4191;Karazhan (X:-11038.6 Y:-1969.2 Z:96.472)
4216;Karazhan (X:-11178.6 Y:-1896.35 Z:232.009)
4242;Karazhan (X:-11171.9 Y:-1908.02 Z:232.009)
4436;Karazhan (X:-11118.4 Y:-2007.95 Z:47.08)
4520;Karazhan (X:-11036.5 Y:-2001.65 Z:93.468)
4522;Karazhan (X:-11048.2 Y:-1984.09 Z:101.701)
5014;Karazhan (X:-11104.7 Y:-1961.55 Z:74.908)
5015;Karazhan (X:-11099.7 Y:-1967.22 Z:76.159)
4086;Naxxramas (X:3292.739 Y:-3151.591 Z:297.569)
4087;Naxxramas (X:3291.107 Y:-3151.295 Z:297.58)
4088;Naxxramas (X:3321.29 Y:-3119.88 Z:297.57)
4097;Naxxramas (X:3320.936 Y:-3119.122 Z:297.573)
4112;Naxxramas (X:3716.38 Y:-5106.78 Z:141.29)
4113;Naxxramas (X:3432.81 Y:-3007.21 Z:295.609)
4114;Naxxramas (X:3432.3 Y:-3007.28 Z:295.609)
4115;Naxxramas (X:3322.74 Y:-3700.38 Z:262.701)
4116;Naxxramas (X:2740 Y:-3383.42 Z:267.685)
4117;Naxxramas (X:2917.03 Y:-3344.55 Z:298.146)
4119;Naxxramas (X:3214.34 Y:-3476.68 Z:287.072)
4120;Naxxramas (X:3493.45 Y:-5375.38 Z:138.168)
4156;Naxxramas (X:3006.09 Y:-3434.17 Z:306.195)
4158;Naxxramas (X:3754.55 Y:-5115.36 Z:142.435)
4163;Naxxramas (X:3320.73 Y:-3115.07 Z:297.609)
4166;Naxxramas (X:3310.224 Y:-2990.238 Z:294.661)
4167;Naxxramas (X:3498.16 Y:-5349.03 Z:144.968)
4177;Naxxramas (X:2661.04 Y:-3467.17 Z:262.142)
4180;Naxxramas (X:3374.043 Y:-3059.254 Z:294.662)
4184;Naxxramas (X:2793.959 Y:-3707.179 Z:276.542)
5196;Naxxramas (X:3005.47 Y:-3445.11 Z:297.925)
5197;Naxxramas (X:3016.94 Y:-3434.39 Z:297.928)
5198;Naxxramas (X:3005.67 Y:-3423.28 Z:297.927)
5199;Naxxramas (X:2994.63 Y:-3434.37 Z:297.928)
4311;The Battle for Mount Hyjal (X:4162.02 Y:-4227.07 Z:869.185)
4312;The Battle for Mount Hyjal (X:4284.15 Y:-4138.85 Z:866.811)
4313;The Battle for Mount Hyjal (X:4203.64 Y:-4103.24 Z:878.363)
4323;The Battle for Mount Hyjal (X:4273.8 Y:-4235.81 Z:866.12)
4341;The Battle for Mount Hyjal (X:5189.88 Y:-3397.64 Z:1635.05)
4487;The Battle for Mount Hyjal (X:4274.66 Y:-4234.81 Z:866.039)
4145;Hellfire Citadel: The Shattered Halls (X:-41.748 Y:-32.454 Z:-13.529)
4182;Hellfire Citadel: The Shattered Halls (X:-28.072 Y:-5.203 Z:-10.891)
4183;Hellfire Citadel: The Shattered Halls (X:-23.701 Y:-2.836 Z:-11.095)
4246;Hellfire Citadel: The Shattered Halls (X:281.84 Y:-84.566 Z:2.119)
4347;Hellfire Citadel: The Shattered Halls (X:181.405 Y:220.67 Z:-20.122)
4524;Hellfire Citadel: The Shattered Halls (X:226.9 Y:266.491 Z:-13.203)
4575;Hellfire Citadel: The Shattered Halls (X:483.441 Y:233.694 Z:0.253)
4147;Hellfire Citadel: The Blood Furnace (X:0.277 Y:27.549 Z:-44.758)
4200;Hellfire Citadel: The Blood Furnace (X:327.363 Y:-153.923 Z:-17.983)
4201;Hellfire Citadel: The Blood Furnace (X:326.418 Y:-160.035 Z:-19.714)
4297;Hellfire Citadel: Ramparts (X:-1360.18 Y:1631.94 Z:68.437)
4304;Hellfire Citadel: Ramparts (X:-1070 Y:1732 Z:35)
4149;Magtheridon's Lair (X:189.018 Y:57.103 Z:68.108)
4192;Magtheridon's Lair (X:-39.738 Y:18.284 Z:-0.412)
4193;Magtheridon's Lair (X:-13.63 Y:27.318 Z:-0.412)
4194;Magtheridon's Lair (X:7.182 Y:1.72 Z:-0.404)
4195;Magtheridon's Lair (X:-11.573 Y:-25.558 Z:-0.412)
4196;Magtheridon's Lair (X:-20.714 Y:-0.353 Z:-0.405)
4366;Coilfang: The Steamvault (X:-29.304 Y:4.546 Z:-4.306)
4281;Coilfang: The Underbog (X:331.801 Y:-331.266 Z:22.188)
4292;Coilfang: The Underbog (X:330.185 Y:-384.734 Z:48.259)
4302;Coilfang: The Underbog (X:234.98 Y:-379.276 Z:72.522)
4303;Coilfang: The Underbog (X:162.528 Y:-459.92 Z:73.703)
4367;Coilfang: The Underbog (X:3.969 Y:-8.231 Z:-2.752)
4295;Coilfang: The Slave Pens (X:-139.877 Y:-753.076 Z:37.901)
4379;Coilfang: The Slave Pens (X:120.382 Y:-144.004 Z:-0.315)
4411;Coilfang: The Slave Pens (X:-85.934 Y:-490.414 Z:-1.582)
4418;Coilfang: Serpentshrine Cavern (X:-13.081 Y:1.481 Z:824.931)
4652;Coilfang: Serpentshrine Cavern (X:39 Y:-418 Z:-19.507)
4457;Tempest Keep (X:-25.827 Y:-0.899 Z:-2.428)
4455;Tempest Keep: The Arcatraz (X:-11.15 Y:0.064 Z:-0.206)
4459;Tempest Keep: The Botanica (X:53.135 Y:-40.983 Z:-1.109)
4612;Tempest Keep: The Botanica (X:166.009 Y:391.59 Z:-37.092)
4461;Tempest Keep: The Mechanar (X:-47.159 Y:0.087 Z:-1.812)
4614;Tempest Keep: The Mechanar (X:65.968 Y:149.679 Z:25.581)
4397;Auchindoun: Shadow Labyrinth (X:13.237 Y:-0.036 Z:-1.128)
4399;Auchindoun: Sethekk Halls (X:-14.381 Y:-0.531 Z:0.008)
4401;Auchindoun: Mana-Tombs (X:13.069 Y:1.372 Z:-0.954)
4403;Auchindoun: Auchenai Crypts (X:-33.93 Y:0.443 Z:-0.121)
4536;Nagrand Arena (X:4009.19 Y:2895.25 Z:13.053)
4537;Nagrand Arena (X:4103.33 Y:2946.35 Z:13.051)
4917;Nagrand Arena (X:4054.15 Y:2923.7 Z:-40)
5006;Nagrand Arena (X:4054.15 Y:2923.7 Z:0)
5008;Nagrand Arena (X:4054.15 Y:2923.7 Z:-20)
4324;The Escape From Durnholde (X:2768.3 Y:1292.79 Z:13.636)
4498;The Escape From Durnholde (X:1810.9 Y:1033.22 Z:11.07)
4501;The Escape From Durnholde (X:1872.1 Y:1078.67 Z:17.622)
4502;The Escape From Durnholde (X:1822.64 Y:991.42 Z:11.414)
4503;The Escape From Durnholde (X:1794.72 Y:1018.69 Z:11.299)
4504;The Escape From Durnholde (X:1900.87 Y:1111.92 Z:18.057)
4538;Blade's Edge Arena (X:6248.73 Y:274.695 Z:11.221)
4539;Blade's Edge Arena (X:6228.21 Y:249.557 Z:11.217)
4919;Blade's Edge Arena (X:6188.01 Y:320 Z:20)
4921;Blade's Edge Arena (X:6288.22 Y:210 Z:20)
4922;Blade's Edge Arena (X:6214.87 Y:200.261 Z:20)
4923;Blade's Edge Arena (X:6187.77 Y:196.88 Z:20)
4924;Blade's Edge Arena (X:6264.76 Y:329.752 Z:3.414)
4925;Blade's Edge Arena (X:6290.77 Y:333.412 Z:20)
4944;Blade's Edge Arena (X:6237.84 Y:261.363 Z:-20)
5039;Blade's Edge Arena (X:6237.84 Y:261.363 Z:-40)
5040;Blade's Edge Arena (X:6237.84 Y:261.363 Z:-60)
4619;Black Temple (X:75.829 Y:997.844 Z:-89.828)
4648;Black Temple (X:706.4 Y:305.061 Z:353.803)
4649;Black Temple (X:678.185 Y:285.959 Z:355.901)
4650;Black Temple (X:676.404 Y:323.603 Z:355.509)
4653;Black Temple (X:677.052 Y:323.685 Z:355.549)
4654;Black Temple (X:676.522 Y:286.521 Z:355.587)
4655;Black Temple (X:639.987 Y:306.817 Z:353.287)
4656;Black Temple (X:855.839 Y:1148.58 Z:11.658)
4657;Black Temple (X:1166.62 Y:1199.82 Z:-55.706)
4665;Black Temple (X:517.279 Y:403.156 Z:193.2)
4760;Black Temple (X:760.824 Y:237.677 Z:353.308)
4534;Gruul's Lair (X:21.27 Y:-2.935 Z:0.064)
4476;Eye of the Storm (X:2048.48 Y:1393.6 Z:1194.54)
4512;Eye of the Storm (X:2048.47 Y:1393.59 Z:1194.54)
4514;Eye of the Storm (X:2044 Y:1729.73 Z:1190.03)
4515;Eye of the Storm (X:2043.95 Y:1729.78 Z:1190.04)
4516;Eye of the Storm (X:2284.78 Y:1731.12 Z:1190.08)
4517;Eye of the Storm (X:2284.77 Y:1731.11 Z:1190.08)
4518;Eye of the Storm (X:2286.56 Y:1402.36 Z:1197.29)
4519;Eye of the Storm (X:2286.56 Y:1402.34 Z:1197.29)
4530;Eye of the Storm (X:1807.71 Y:1539.58 Z:1268)
4531;Eye of the Storm (X:2523.48 Y:1596.56 Z:1269)
4568;Eye of the Storm (X:2050.46 Y:1372.26 Z:1194.56)
4569;Eye of the Storm (X:2046.33 Y:1748.81 Z:1190.03)
4570;Eye of the Storm (X:2283.38 Y:1748.98 Z:1189.71)
4571;Eye of the Storm (X:2302.69 Y:1391.27 Z:1197.77)
5866;Eye of the Storm (X:2024.6 Y:1743.04 Z:1194.84)
4723;Zul'Aman (X:-80.146 Y:1345.64 Z:40.771)
4724;Zul'Aman (X:-37.061 Y:1149.98 Z:19.064)
4725;Zul'Aman (X:362.48 Y:1402.7 Z:74.439)
4726;Zul'Aman (X:369.784 Y:1100.72 Z:6.057)
4739;Zul'Aman (X:120.56 Y:1789.88 Z:43.506)
4768;Zul'Aman (X:124.796 Y:1471.83 Z:16.702)
4782;Zul'Aman (X:-34.456 Y:1089.49 Z:18.712)
4745;Northrend (X:1257.11 Y:-4854.48 Z:41.248)
4747;Northrend (X:1226.23 Y:-4861.7 Z:223.223)
4753;Northrend (X:1451.44 Y:-3277.97 Z:180.33)
4755;Northrend (X:2683.27 Y:-4392.06 Z:284.359)
4756;Northrend (X:2486.59 Y:-5063.61 Z:284.334)
4778;Northrend (X:1062.93 Y:-5036.55 Z:9.924)
4779;Northrend (X:914.632 Y:-5576.55 Z:198.612)
4806;Northrend (X:2563.22 Y:-5008.76 Z:293.707)
4850;Northrend (X:3841.5 Y:6415.01 Z:26.116)
4857;Northrend (X:4111.4 Y:3734.86 Z:92.143)
4858;Northrend (X:4094.13 Y:3493.5 Z:131.667)
4860;Northrend (X:3794.66 Y:3431.49 Z:82.973)
4861;Northrend (X:4512.05 Y:5709.59 Z:81.504)
4867;Northrend (X:4177.1 Y:5280.73 Z:35.693)
4868;Northrend (X:3464.73 Y:4169.05 Z:17.193)
4871;Northrend (X:2782.77 Y:6575.04 Z:48.981)
4872;Northrend (X:2879.86 Y:6477.7 Z:79.133)
4873;Northrend (X:3073.21 Y:6301.74 Z:94.521)
4883;Northrend (X:3210.94 Y:6091.29 Z:138.027)
4894;Northrend (X:3728.83 Y:5146.3 Z:24.628)
4896;Northrend (X:3964.91 Y:5462.49 Z:28.312)
4899;Northrend (X:4012.53 Y:4832.46 Z:-12.896)
4910;Northrend (X:2814.05 Y:6205.06 Z:86.007)
4914;Northrend (X:3571.27 Y:6650.79 Z:195.18)
4916;Northrend (X:4154.01 Y:7424.17 Z:534.108)
4946;Northrend (X:4784.3 Y:-4404.07 Z:198.185)
4947;Northrend (X:4662.24 Y:-4609.61 Z:208.776)
4948;Northrend (X:4530.12 Y:-4442.18 Z:186.355)
4949;Northrend (X:3831.36 Y:1582.25 Z:290.141)
4950;Northrend (X:3684.76 Y:2154.15 Z:35.05)
4951;Northrend (X:2432.4 Y:1702.13 Z:-13.787)
4952;Northrend (X:4013.18 Y:5376.05 Z:24.28)
4956;Northrend (X:3107.73 Y:616.759 Z:25.018)
4960;Northrend (X:3819.71 Y:1537.18 Z:89.725)
4961;Northrend (X:2293.72 Y:5195.29 Z:12.207)
4963;Northrend (X:2418.66 Y:6455.67 Z:54.479)
4964;Northrend (X:3474.56 Y:2009.88 Z:64.868)
4965;Northrend (X:3410.58 Y:-2792.51 Z:201.521)
4966;Northrend (X:4600.54 Y:-4241.68 Z:178.855)
4967;Northrend (X:3873.29 Y:-4544.74 Z:209.455)
4968;Northrend (X:4245.74 Y:1035.63 Z:58.637)
4969;Northrend (X:4153.41 Y:1100.76 Z:58.924)
4970;Northrend (X:3275.55 Y:-2186.71 Z:112.099)
4971;Northrend (X:4676.14 Y:-62.811 Z:68.877)
4972;Northrend (X:4679.39 Y:-126.663 Z:74.074)
4973;Northrend (X:4631.7 Y:-258.707 Z:82.806)
4974;Northrend (X:4594.69 Y:-334.825 Z:83.001)
4975;Northrend (X:2777.36 Y:930.287 Z:22.539)
4976;Northrend (X:700.152 Y:-2933.4 Z:-3.068)
4977;Northrend (X:3003.4 Y:4050.11 Z:26.368)
4979;Northrend (X:3215.04 Y:-677.957 Z:176)
4983;Northrend (X:3902.79 Y:6985.69 Z:75)
4984;Northrend (X:2724.92 Y:-241.81 Z:142.766)
4985;Northrend (X:4376.71 Y:1681.46 Z:130.437)
4986;Northrend (X:4415.35 Y:1852.89 Z:164.205)
4987;Northrend (X:2827.86 Y:-423.103 Z:119.44)
4988;Northrend (X:4527.15 Y:1741.89 Z:168.424)
4989;Northrend (X:4569.93 Y:1674.32 Z:171.234)
4993;Northrend (X:3635 Y:-712 Z:225)
4998;Northrend (X:4775.32 Y:-2017.16 Z:235)
5003;Northrend (X:6375.71 Y:-2611.99 Z:319.19)
5010;Northrend (X:8922.03 Y:-963.434 Z:1052)
5030;Northrend (X:6721.12 Y:5113.89 Z:-15.046)
5045;Northrend (X:3842.4 Y:1478.42 Z:90.517)
5046;Northrend (X:4873.24 Y:5170.08 Z:-82.01)
5048;Northrend (X:4884.94 Y:5175.64 Z:-83.703)
5051;Northrend (X:6175.18 Y:-2017.31 Z:245.078)
5052;Northrend (X:5718.06 Y:-4384.45 Z:386.178)
5056;Northrend (X:5961.35 Y:-2168.95 Z:422)
5057;Northrend (X:5365.84 Y:-2283.55 Z:365)
5058;Northrend (X:6287.96 Y:-3780.31 Z:480.419)
5059;Northrend (X:5968.3 Y:-3316.75 Z:400)
5060;Northrend (X:6967.72 Y:-4266.59 Z:560)
5061;Northrend (X:6175.41 Y:-2017.66 Z:404.223)
5062;Northrend (X:5451.11 Y:-2632.32 Z:306.253)
5079;Northrend (X:6175.17 Y:-2017.84 Z:411.958)
5080;Northrend (X:6175.24 Y:-2017.43 Z:454.998)
5093;Northrend (X:9188.82 Y:-1390.01 Z:1144)
5095;Northrend (X:6630.66 Y:-4605.93 Z:560)
5096;Northrend (X:6230.04 Y:-4213.37 Z:490)
5097;Northrend (X:5245 Y:-3422.66 Z:342.361)
5098;Northrend (X:6042.68 Y:-1895.15 Z:330)
5108;Northrend (X:6309.87 Y:5950.04 Z:81.952)
5117;Northrend (X:3668.29 Y:2174.63 Z:36.234)
5163;Northrend (X:6045.3 Y:-652.204 Z:369.477)
5164;Northrend (X:5765.54 Y:-3579.86 Z:386.929)
5171;Northrend (X:7028.99 Y:-56.58 Z:810.804)
5172;Northrend (X:6910.91 Y:93.258 Z:807.826)
5173;Northrend (X:6959.41 Y:12.027 Z:807.425)
5174;Northrend (X:5753.28 Y:-1479.34 Z:234.4)
5175;Northrend (X:5693.46 Y:-1383.6 Z:233.053)
5176;Northrend (X:5951.35 Y:-1850.41 Z:248.309)
5177;Northrend (X:5544.95 Y:-1853.57 Z:238.268)
5182;Northrend (X:6679.05 Y:-198.673 Z:951.73)
5183;Northrend (X:6123.03 Y:-1090.65 Z:403.297)
5187;Northrend (X:6314.34 Y:-1763.83 Z:457.207)
5190;Northrend (X:6153.93 Y:-1075.59 Z:402.307)
5191;Northrend (X:3681.29 Y:-1280.19 Z:248.466)
5192;Northrend (X:3680.64 Y:-1258.16 Z:248.569)
5193;Northrend (X:3659.26 Y:-1281.22 Z:248.566)
5194;Northrend (X:3658.04 Y:-1259.02 Z:248.569)
5200;Northrend (X:7115.28 Y:-1632.58 Z:820.486)
5204;Northrend (X:8414.79 Y:-369.309 Z:908)
5205;Northrend (X:6700.48 Y:-4666.02 Z:458.285)
5206;Northrend (X:6976.54 Y:-4396.33 Z:457.5)
5209;Northrend (X:5675.43 Y:480.919 Z:659.194)
5215;Northrend (X:3639.4 Y:2027.2 Z:6.5)
5217;Northrend (X:5570.28 Y:5766.9 Z:-75.226)
5227;Northrend (X:6220.03 Y:0.873 Z:411.973)
5243;Northrend (X:3442.63 Y:260.951 Z:-100)
5245;Northrend (X:6466.35 Y:2038.31 Z:570.751)
5246;Northrend (X:3869.84 Y:6984.16 Z:112.5)
5248;Northrend (X:6379.54 Y:455.328 Z:513.691)
5254;Northrend (X:5172.12 Y:-1666.76 Z:410.336)
5257;Northrend (X:4851.22 Y:1463.7 Z:209.749)
5258;Northrend (X:5494.88 Y:2839.81 Z:420.811)
5273;Northrend (X:5886.27 Y:651.449 Z:640)
5274;Northrend (X:6316.85 Y:-1740.33 Z:456.68)
5275;Northrend (X:6311.61 Y:-1704.91 Z:455.597)
5280;Northrend (X:7239.67 Y:1586.82 Z:362.954)
5281;Northrend (X:7628.86 Y:2060.73 Z:600.259)
5282;Northrend (X:7889.2 Y:2057.98 Z:600.259)
5283;Northrend (X:5832.89 Y:630.354 Z:775)
5284;Northrend (X:7487.44 Y:2060.77 Z:499.728)
5285;Northrend (X:7761.55 Y:2056.05 Z:499.936)
5286;Northrend (X:8110 Y:1985.68 Z:499.729)
5287;Northrend (X:8151.9 Y:2403.74 Z:515.333)
5290;Northrend (X:3870.29 Y:6984.2 Z:153.847)
5294;Northrend (X:5157.16 Y:2196.49 Z:377.707)
5296;Northrend (X:5088.93 Y:2281.11 Z:356.006)
5298;Northrend (X:5116.47 Y:3482.9 Z:358.301)
5300;Northrend (X:5022.31 Y:3695.46 Z:362.743)
5302;Northrend (X:4327.36 Y:3207.78 Z:372.021)
5304;Northrend (X:4344.14 Y:2407.98 Z:374.66)
5305;Northrend (X:6784.68 Y:1788.29 Z:572.481)
5306;Northrend (X:7024.48 Y:2133.31 Z:623.109)
5307;Northrend (X:7198.39 Y:1968.57 Z:572.001)
5308;Northrend (X:6978.62 Y:1727.3 Z:511.1)
5309;Northrend (X:8535.54 Y:2660.67 Z:650.353)
5310;Northrend (X:5825.04 Y:642.557 Z:647.831)
5312;Northrend (X:7143.62 Y:1833.16 Z:512.347)
5313;Northrend (X:7049.74 Y:1759.08 Z:502.245)
5314;Northrend (X:3538.93 Y:358.568 Z:52.288)
5315;Northrend (X:3637.8 Y:282.853 Z:52.231)
5316;Northrend (X:3555.3 Y:183.757 Z:52.293)
5317;Northrend (X:3451.58 Y:263.978 Z:52.23)
5318;Northrend (X:3650.44 Y:283.794 Z:-120.173)
5323;Northrend (X:7796.74 Y:-2970.72 Z:1259.05)
5327;Northrend (X:5832.89 Y:501.11 Z:657.373)
5332;Northrend (X:3798.62 Y:3581.19 Z:51.719)
5334;Northrend (X:3739.66 Y:3567.29 Z:290.785)
5338;Northrend (X:3787.57 Y:3558.11 Z:473.322)
5339;Northrend (X:3739.5 Y:3567 Z:341.564)
5340;Northrend (X:3738.64 Y:3567.67 Z:298.522)
5341;Northrend (X:3740.32 Y:3567.88 Z:298.522)
5360;Northrend (X:7843.93 Y:-799.789 Z:1183.8)
5379;Northrend (X:9364.36 Y:-1113.44 Z:1320)
5392;Northrend (X:8466.18 Y:871.097 Z:547.293)
5403;Northrend (X:8484.93 Y:927.895 Z:547.309)
5404;Northrend (X:8574.47 Y:667.114 Z:547.374)
5405;Northrend (X:8421.39 Y:704.43 Z:547.337)
5440;Northrend (X:4200.28 Y:5265.83 Z:31.667)
5460;Northrend (X:4866.42 Y:5168.27 Z:-83.388)
5461;Northrend (X:4880.21 Y:5173.42 Z:-83.111)
5500;Northrend (X:8454.51 Y:459.434 Z:596.072)
5503;Northrend (X:8515.21 Y:744.413 Z:562.906)
5505;Northrend (X:8562.6 Y:791.785 Z:562.899)
5635;Northrend (X:5678.56 Y:1995.28 Z:808)
5636;Northrend (X:5627.41 Y:1957.32 Z:819)
5637;Northrend (X:5584.11 Y:2003.16 Z:807.2)
5650;Northrend (X:4800.01 Y:-578.349 Z:159.809)
5670;Northrend (X:5772.11 Y:2063.27 Z:647.064)
5691;Northrend (X:5816.22 Y:760.519 Z:640.668)
5692;Northrend (X:5815.7 Y:761.745 Z:640.583)
5693;Northrend (X:5783.06 Y:538.762 Z:642.559)
5694;Northrend (X:5782.74 Y:541.599 Z:642)
5774;Northrend (X:5805.95 Y:605.464 Z:655.423)
5869;Northrend (X:3608.19 Y:186.17 Z:-100)
4696;Ruins of Lordaeron (X:1328.72 Y:1632.72 Z:36.73)
4697;Ruins of Lordaeron (X:1243.3 Y:1699.17 Z:34.873)
4927;Ruins of Lordaeron (X:1200.33 Y:1682.09 Z:33.078)
4928;Ruins of Lordaeron (X:1223.61 Y:1630.81 Z:32.607)
4929;Ruins of Lordaeron (X:1359.18 Y:1692.25 Z:37.07)
4930;Ruins of Lordaeron (X:1371.51 Y:1649.08 Z:34.509)
4931;Ruins of Lordaeron (X:1299.76 Y:1554.74 Z:40)
4932;Ruins of Lordaeron (X:1274.51 Y:1774.68 Z:27.037)
4933;Ruins of Lordaeron (X:1246.06 Y:1743.62 Z:40)
4934;Ruins of Lordaeron (X:1305.44 Y:1754.14 Z:40)
4935;Ruins of Lordaeron (X:1321.62 Y:1586.98 Z:40)
4936;Ruins of Lordaeron (X:1269.12 Y:1579.99 Z:40)
4941;Ruins of Lordaeron (X:1285.36 Y:1667.68 Z:10)
5041;Ruins of Lordaeron (X:1285.36 Y:1667.68 Z:-10)
5042;Ruins of Lordaeron (X:1285.36 Y:1667.68 Z:-30)
4741;Utgarde Keep (X:136.729 Y:-90.447 Z:12.554)
4757;Utgarde Keep (X:260.497 Y:231.137 Z:42.791)
4762;Utgarde Keep (X:164.325 Y:-83.173 Z:12.555)
4764;Utgarde Keep (X:168.774 Y:-79.551 Z:12.555)
4791;Utgarde Keep (X:377.471 Y:-69.209 Z:24.673)
4792;Utgarde Keep (X:373.926 Y:-56.262 Z:22.757)
4793;Utgarde Keep (X:369.698 Y:-43.662 Z:24.147)
4838;Utgarde Keep (X:273.722 Y:-148.903 Z:190.104)
4743;Utgarde Pinnacle (X:595.19 Y:-328.292 Z:113.144)
4991;Utgarde Pinnacle (X:330.903 Y:-508.43 Z:104.272)
5140;Utgarde Pinnacle (X:312.646 Y:-291.173 Z:104.702)
4954;The Nexus (X:184.844 Y:-6.532 Z:-10)
4955;The Nexus (X:184.844 Y:-6.532 Z:-10)
4981;The Nexus (X:145.759 Y:-17.642 Z:-13)
5004;The Nexus (X:601.694 Y:-255.2 Z:-225)
5001;The Oculus (X:1084.35 Y:1054.62 Z:225)
4853;The Sunwell (X:1595.6 Y:679.533 Z:52.63)
4891;The Sunwell (X:1797.29 Y:925.317 Z:15.057)
4937;The Sunwell (X:1807.27 Y:597.651 Z:52)
5626;The Sunwell (X:1766.94 Y:683.09 Z:71.19)
5652;The Sunwell (X:1772.63 Y:683.451 Z:71.19)
5664;The Sunwell (X:1772.94 Y:681.028 Z:71.19)
5681;The Sunwell (X:1703.89 Y:865.252 Z:26.638)
5682;The Sunwell (X:1698.94 Y:865.217 Z:25.606)
5684;The Sunwell (X:1681.66 Y:578.431 Z:31.313)
5685;The Sunwell (X:1645.88 Y:609.795 Z:31.319)
4849;Magister's Terrace (X:231.891 Y:-271.377 Z:-7.651)
4885;Magister's Terrace (X:-5.895 Y:-0.124 Z:-2.803)
5085;The Culling of Stratholme (X:1807.49 Y:1275.99 Z:141.677)
5148;The Culling of Stratholme (X:1427.34 Y:564.166 Z:37.988)
5181;The Culling of Stratholme (X:2235.44 Y:1472.05 Z:132.364)
5249;The Culling of Stratholme (X:2110.99 Y:1372.9 Z:132.453)
5250;The Culling of Stratholme (X:2199.55 Y:1294.17 Z:134.13)
5251;The Culling of Stratholme (X:2148.53 Y:1260.91 Z:134.865)
5252;The Culling of Stratholme (X:2233.9 Y:1136.18 Z:139.042)
5253;The Culling of Stratholme (X:2325.31 Y:1153.54 Z:135.302)
5256;The Culling of Stratholme (X:2384.66 Y:1202.81 Z:134.041)
5291;The Culling of Stratholme (X:1561.31 Y:580.874 Z:99.764)
5795;The Culling of Stratholme (X:2107.15 Y:1289.28 Z:137.021)
5012;Halls of Stone (X:1153.87 Y:816.262 Z:195.35)
5000;Drak'Tharon Keep (X:-519.182 Y:-481.424 Z:16)
5113;Azjol-Nerub (X:404.282 Y:53.538 Z:252.428)
5115;Azjol-Nerub (X:405.542 Y:803.135 Z:831.913)
5292;Azjol-Nerub (X:549.182 Y:433.335 Z:286)
5082;Halls of Lightning (X:1225.81 Y:-164.372 Z:60)
5083;Halls of Lightning (X:1187.09 Y:-164.228 Z:60)
5084;Halls of Lightning (X:1174.98 Y:-193.799 Z:60)
5091;Halls of Lightning (X:1330.84 Y:281.896 Z:65)
5357;Ulduar (X:2133.78 Y:-312.115 Z:441.233)
5358;Ulduar (X:-811.104 Y:-158.974 Z:450)
5359;Ulduar (X:-841.468 Y:-147.115 Z:450)
5366;Ulduar (X:477.85 Y:754.044 Z:354.866)
5369;Ulduar (X:139.019 Y:56.201 Z:409.804)
5381;Ulduar (X:-927 Y:-149.059 Z:550)
5388;Ulduar (X:-771.43 Y:-149.452 Z:430.078)
5390;Ulduar (X:1800 Y:-22.977 Z:420.953)
5398;Ulduar (X:583.055 Y:-9.909 Z:409.804)
5399;Ulduar (X:1752.9 Y:-27.007 Z:448.805)
5400;Ulduar (X:1637.89 Y:-164.639 Z:427.259)
5401;Ulduar (X:1640.77 Y:-164.218 Z:427.262)
5402;Ulduar (X:2309.72 Y:1430 Z:388)
5414;Ulduar (X:-349.794 Y:-106.074 Z:409.804)
5415;Ulduar (X:-181.2 Y:72.678 Z:420.737)
5416;Ulduar (X:74.258 Y:-184.422 Z:413.292)
5417;Ulduar (X:117.374 Y:179.935 Z:409.804)
5420;Ulduar (X:-705.737 Y:-92.301 Z:429.873)
5423;Ulduar (X:131.036 Y:-128.303 Z:409.804)
5426;Ulduar (X:-54.91 Y:-66.94 Z:409.804)
5427;Ulduar (X:588.018 Y:62.749 Z:404.621)
5428;Ulduar (X:-401.944 Y:-14.549 Z:409.804)
5432;Ulduar (X:2307.1 Y:1415 Z:415.55)
5433;Ulduar (X:1629.08 Y:-308.357 Z:390)
5442;Ulduar (X:44.472 Y:-32.559 Z:409.804)
5443;Ulduar (X:-513.849 Y:31.768 Z:409.804)
5231;Gundrak (X:1896.96 Y:825.632 Z:185)
5233;Gundrak (X:1913.79 Y:644.727 Z:144)
5276;Gundrak (X:1981.12 Y:841.819 Z:144)
5277;Gundrak (X:1899.31 Y:658.894 Z:185)
5354;Strand of the Ancients (X:1357.06 Y:-323.051 Z:36.831)
5355;Strand of the Ancients (X:1367.55 Y:219.315 Z:37.069)
5356;Strand of the Ancients (X:978.717 Y:-3.432 Z:86.715)
5211;Violet Hold (X:1798.74 Y:803.858 Z:47.365)
5017;Ebon Hold (X:2990.57 Y:-5632.36 Z:330.943)
5029;Ebon Hold (X:2985.49 Y:-5640.01 Z:327.269)
5086;Ebon Hold (X:1410.06 Y:-5834.19 Z:132.43)
5087;Ebon Hold (X:1877.31 Y:-5769 Z:83.808)
5088;Ebon Hold (X:1407.9 Y:-5836.55 Z:139.234)
5089;Ebon Hold (X:1392.85 Y:-5831.53 Z:140.604)
5094;Ebon Hold (X:1319.81 Y:-5771.6 Z:137.749)
5099;Ebon Hold (X:1322.28 Y:-5742.74 Z:137.475)
5100;Ebon Hold (X:1320.78 Y:-5763.85 Z:137.819)
5101;Ebon Hold (X:1330.72 Y:-5755.86 Z:137.48)
5102;Ebon Hold (X:1321.06 Y:-5754.2 Z:137.429)
5103;Ebon Hold (X:1328.69 Y:-5771.26 Z:137.774)
5104;Ebon Hold (X:1330.1 Y:-5764.62 Z:137.821)
5105;Ebon Hold (X:1330.72 Y:-5748.67 Z:137.393)
5106;Ebon Hold (X:1330.5 Y:-5741.34 Z:137.565)
5107;Ebon Hold (X:1321.79 Y:-5748.83 Z:137.382)
5228;The Obsidian Sanctum (X:3242.99 Y:554.3 Z:58.756)
5229;The Obsidian Sanctum (X:3244.34 Y:512.375 Z:58.578)
5241;The Obsidian Sanctum (X:3228.4 Y:380.247 Z:75)
5342;The Eye of Eternity (X:754.597 Y:1301.74 Z:200)
5326;Dalaran Sewers (X:1330 Y:800 Z:-10)
5328;Dalaran Sewers (X:1289.72 Y:736.613 Z:3.16)
5329;Dalaran Sewers (X:1292.05 Y:845.273 Z:5.631)
5330;Dalaran Sewers (X:1238.08 Y:780.106 Z:3.16)
5331;Dalaran Sewers (X:1348.5 Y:792.828 Z:3.823)
5343;Dalaran Sewers (X:1330 Y:800 Z:-40)
5344;Dalaran Sewers (X:1330 Y:800 Z:-60)
5347;Dalaran Sewers (X:1249.43 Y:764.601 Z:21.466)
5348;Dalaran Sewers (X:1333.51 Y:817.031 Z:21.39)
5224;The Ring of Valor (X:765.146 Y:-294.883 Z:-1)
5226;The Ring of Valor (X:764.301 Y:-272.007 Z:-1)
5447;The Ring of Valor (X:801.663 Y:-278.857 Z:-24)
5473;The Ring of Valor (X:743.663 Y:-272.491 Z:28.684)
5474;The Ring of Valor (X:783.203 Y:-271.969 Z:28.69)
5213;Ahn'kahet: The Old Kingdom (X:332.397 Y:-1110.7 Z:72.774)
5235;Ahn'kahet: The Old Kingdom (X:523.231 Y:-300.268 Z:71.36)
5322;Ahn'kahet: The Old Kingdom (X:548.746 Y:-1001.95 Z:37.94)
5262;Vault of Archavon (X:-517.96 Y:-103.653 Z:156.624)
5530;Isle of Conquest (X:1049.31 Y:-225 Z:81.138)
5535;Isle of Conquest (X:1216.88 Y:-763.715 Z:48.916)
5536;Isle of Conquest (X:350.885 Y:-832.693 Z:50)
5555;Isle of Conquest (X:340.625 Y:-836.116 Z:48.916)
5604;Icecrown Citadel (X:4396.57 Y:2482.97 Z:203.376)
5608;Icecrown Citadel (X:51.471 Y:2212.38 Z:30.116)
5609;Icecrown Citadel (X:61.191 Y:2209.12 Z:30.116)
5611;Icecrown Citadel (X:-142.085 Y:2211.32 Z:35.234)
5612;Icecrown Citadel (X:-205.858 Y:2210.07 Z:35.234)
5616;Icecrown Citadel (X:4356.88 Y:2700.5 Z:355.031)
5617;Icecrown Citadel (X:4313.91 Y:2672.05 Z:344.77)
5618;Icecrown Citadel (X:4386.04 Y:2668.74 Z:348.846)
5619;Icecrown Citadel (X:4356.75 Y:2653.26 Z:351.101)
5623;Icecrown Citadel (X:4181.28 Y:2483.65 Z:211.032)
5628;Icecrown Citadel (X:-497.943 Y:2324.31 Z:198.787)
5629;Icecrown Citadel (X:-370.788 Y:2319.82 Z:199.97)
5630;Icecrown Citadel (X:-504.694 Y:2094.97 Z:199.97)
5631;Icecrown Citadel (X:-375.691 Y:2106.81 Z:199.97)
5647;Icecrown Citadel (X:4360.09 Y:3125.63 Z:378.97)
5649;Icecrown Citadel (X:4234.19 Y:2768.7 Z:350.963)
5668;Icecrown Citadel (X:85.939 Y:2211.56 Z:38.116)
5698;Icecrown Citadel (X:-465.352 Y:2212.13 Z:545)
5700;Icecrown Citadel (X:4120.35 Y:2768.01 Z:355.579)
5708;Icecrown Citadel (X:4694.49 Y:2769.09 Z:364.086)
5709;Icecrown Citadel (X:-543.425 Y:2212.92 Z:55.342)
5718;Icecrown Citadel (X:4357.09 Y:2769.26 Z:356.073)
5729;Icecrown Citadel (X:4489.02 Y:2767.57 Z:351.101)
5730;Icecrown Citadel (X:4245.88 Y:2768.87 Z:340.963)
5732;Icecrown Citadel (X:-333.616 Y:2212.63 Z:42.564)
5736;Icecrown Citadel (X:28.502 Y:2211.81 Z:30.116)
5744;Icecrown Citadel (X:4354.65 Y:2872.24 Z:349.428)
5745;Icecrown Citadel (X:4457.76 Y:2769.5 Z:349.306)
5746;Icecrown Citadel (X:4271.22 Y:2770.67 Z:351.009)
5747;Icecrown Citadel (X:4256.71 Y:2736.43 Z:347.663)
5748;Icecrown Citadel (X:4257.65 Y:2804.17 Z:346.824)
5749;Icecrown Citadel (X:4357.57 Y:2622.13 Z:351.101)
5772;Icecrown Citadel (X:-458.92 Y:2212.11 Z:545)
5642;The Forge of Souls (X:4925.85 Y:2169.17 Z:649)
5672;The Forge of Souls (X:5661.35 Y:2507.09 Z:708.829)
5688;The Forge of Souls (X:5684.48 Y:2537.01 Z:714.691)
5475;Trial of the Crusader (X:744.226 Y:132.111 Z:150)
5508;Trial of the Crusader (X:563.455 Y:68.432 Z:401.192)
5562;Trial of the Crusader (X:563.646 Y:92.12 Z:395.201)
5491;Trial of the Champion (X:790.564 Y:620.514 Z:411.938)
5492;Trial of the Champion (X:793.123 Y:618.575 Z:412.39)
5510;Trial of the Champion (X:819.269 Y:618.674 Z:418)
5573;Pit of Saron (X:464.422 Y:206.578 Z:528.71)
5578;Pit of Saron (X:859.281 Y:44.403 Z:515.034)
5579;Pit of Saron (X:960.056 Y:75.254 Z:566.166)
5580;Pit of Saron (X:969.913 Y:-117.436 Z:597.943)
5581;Pit of Saron (X:1066.62 Y:76.786 Z:630.909)
5582;Pit of Saron (X:1002.65 Y:-131.898 Z:617.733)
5583;Pit of Saron (X:1038.59 Y:-117.976 Z:628.364)
5584;Pit of Saron (X:1059.04 Y:-84.769 Z:633.621)
5585;Pit of Saron (X:1066.29 Y:-51.446 Z:633.948)
5586;Pit of Saron (X:1073.05 Y:-14.191 Z:633.136)
5587;Pit of Saron (X:1077.81 Y:24.63 Z:631.455)
5588;Pit of Saron (X:822.99 Y:65.84 Z:510.218)
5589;Pit of Saron (X:752.457 Y:-52.559 Z:508.742)
5593;Pit of Saron (X:706.056 Y:158.104 Z:510.595)
5594;Pit of Saron (X:619.679 Y:57.675 Z:512.436)
5595;Pit of Saron (X:622.714 Y:1.804 Z:513.741)
5596;Pit of Saron (X:656.747 Y:-75.276 Z:513.742)
5597;Pit of Saron (X:726.297 Y:-93.413 Z:513.675)
5598;Pit of Saron (X:777.764 Y:-33.769 Z:508.353)
5599;Pit of Saron (X:805.752 Y:-9.271 Z:509.496)
5600;Pit of Saron (X:794.79 Y:85.274 Z:510.365)
5601;Pit of Saron (X:763.644 Y:139.731 Z:510.633)
5602;Pit of Saron (X:662.418 Y:94.856 Z:505.072)
5633;Pit of Saron (X:1006.86 Y:178.96 Z:628.156)
5643;Pit of Saron (X:423.847 Y:212.521 Z:528.708)
5683;Pit of Saron (X:1189.73 Y:347.863 Z:629.621)
5570;Halls of Reflection (X:5381.02 Y:2089.91 Z:707.695)
5605;Halls of Reflection (X:5539.65 Y:2247.05 Z:733.011)
5632;Halls of Reflection (X:5244.52 Y:1939.21 Z:707.695)
5646;Halls of Reflection (X:5228.24 Y:1921.22 Z:717.695)
5660;Halls of Reflection (X:5276.17 Y:1971.7 Z:707.695)
5689;Halls of Reflection (X:5249.52 Y:1942.95 Z:707.695)
5697;Halls of Reflection (X:5309.56 Y:2006.67 Z:709.341)
5740;Halls of Reflection (X:5361.1 Y:2061.02 Z:707.695)
5742;Halls of Reflection (X:5374.44 Y:2075.05 Z:707.695)
5752;Halls of Reflection (X:5433.13 Y:2137.97 Z:720.092)
5867;The Ruby Sanctum (X:3152.08 Y:362.875 Z:85.518)
5872;The Ruby Sanctum (X:3286.8 Y:533.392 Z:98.572)