1;13 honor pts, 9 arena pts, Tough Jerky (id=117), 2 Minor Healing Potion (id=118)
2;0
5;40 Halaa Battle Token (id=26045), 2 Halaa Research Token (id=26044)
6;20 Halaa Battle Token (id=26045), Halaa Research Token (id=26044)
7;8 Halaa Research Token (id=26044)
18;100 Halaa Battle Token (id=26045)
21;978 arena pts
22;1630 arena pts
24;1304 arena pts
26;3261 arena pts
53;5 Mark of Honor Hold (id=24579)
54;5 Mark of Thrallmar (id=24581)
55;10 Mark of Thrallmar (id=24581)
56;10 Mark of Honor Hold (id=24579)
65;15 Mark of Thrallmar (id=24581)
66;1 honor pts, 1 arena pts
69;15 Mark of Honor Hold (id=24579)
76;30 Mark of Thrallmar (id=24581)
77;30 Mark of Honor Hold (id=24579)
94;19125 honor pts
95;6885 honor pts
98;22950 honor pts
99;8500 honor pts
100;Glowcap (id=24245)
102;2 Glowcap (id=24245)
103;25 Glowcap (id=24245)
104;15 Glowcap (id=24245)
115;16983 honor pts
125;22950 honor pts, 10 Eye of the Storm Mark of Honor (id=29024)
127;15300 honor pts, 10 Eye of the Storm Mark of Honor (id=29024)
129;11934 honor pts, 10 Alterac Valley Mark of Honor (id=20560)
131;30600 honor pts, 40 Alterac Valley Mark of Honor (id=20560)
133;2283 arena pts
146;870 arena pts
148;2739 arena pts
165;9435 honor pts, 20 Arathi Basin Mark of Honor (id=20559)
169;9435 honor pts, 20 Warsong Gulch Mark of Honor (id=20558)
170;9435 honor pts
171;14280 honor pts, 40 Eye of the Storm Mark of Honor (id=29024)
172;14280 honor pts, 40 Arathi Basin Mark of Honor (id=20559)
173;12750 honor pts
194;18 Spirit Shard (id=28558)
201;16524 honor pts, 30 Arathi Basin Mark of Honor (id=20559)
202;10098 honor pts, 20 Alterac Valley Mark of Honor (id=20560)
203;16065 honor pts, 30 Alterac Valley Mark of Honor (id=20560)
204;16065 honor pts, 30 Warsong Gulch Mark of Honor (id=20558)
205;10098 honor pts, 20 Arathi Basin Mark of Honor (id=20559)
293;50 Spirit Shard (id=28558)
298;8 Spirit Shard (id=28558)
348;15300 honor pts, 20 Eye of the Storm Mark of Honor (id=29024)
359;20400 honor pts
360;20400 honor pts, 40 Alterac Valley Mark of Honor (id=20560)
386;15300 honor pts
388;30 Glowcap (id=24245)
423;30 Alterac Valley Mark of Honor (id=20560), 30 Arathi Basin Mark of Honor (id=20559), 30 Warsong Gulch Mark of Honor (id=20558)
427;2805 honor pts, 20 Arathi Basin Mark of Honor (id=20559)
428;2805 honor pts, 20 Alterac Valley Mark of Honor (id=20560)
444;4335 honor pts, 30 Alterac Valley Mark of Honor (id=20560)
460;1 honor pts
463;13770 honor pts, 30 Arathi Basin Mark of Honor (id=20559)
464;13005 honor pts, 30 Alterac Valley Mark of Honor (id=20560)
465;8415 honor pts, 20 Arathi Basin Mark of Honor (id=20559)
488;4590 honor pts, 20 Warsong Gulch Mark of Honor (id=20558)
489;4590 honor pts, 25 Alterac Valley Mark of Honor (id=20560)
490;10200 honor pts, 40 Warsong Gulch Mark of Honor (id=20558)
491;1530 honor pts, 20 Warsong Gulch Mark of Honor (id=20558)
492;1530 honor pts, 10 Warsong Gulch Mark of Honor (id=20558)
495;4590 honor pts, 20 Arathi Basin Mark of Honor (id=20559)
496;2380 honor pts, 10 Alterac Valley Mark of Honor (id=20560)
497;2720 honor pts, 15 Alterac Valley Mark of Honor (id=20560)
501;8415 honor pts, 40 Arathi Basin Mark of Honor (id=20559)
520;2805 honor pts, 30 Arathi Basin Mark of Honor (id=20559)
532;1530 honor pts, 10 Alterac Valley Mark of Honor (id=20560)
533;1530 honor pts, 20 Alterac Valley Mark of Honor (id=20560)
541;8415 honor pts, 20 Alterac Valley Mark of Honor (id=20560)
542;13005 honor pts, 30 Warsong Gulch Mark of Honor (id=20558)
565;15300 honor pts, 20 Arathi Basin Mark of Honor (id=20559)
567;15300 honor pts, 40 Arathi Basin Mark of Honor (id=20559)
634;2805 honor pts
652;4590 honor pts, 30 Arathi Basin Mark of Honor (id=20559)
653;4335 honor pts, 30 Warsong Gulch Mark of Honor (id=20558)
701;10200 honor pts, 30 Warsong Gulch Mark of Honor (id=20558)
702;4760 honor pts, 25 Alterac Valley Mark of Honor (id=20560)
746;8160 honor pts, 40 Arathi Basin Mark of Honor (id=20559)
747;5100 honor pts, 30 Warsong Gulch Mark of Honor (id=20558)
748;8925 honor pts, 40 Warsong Gulch Mark of Honor (id=20558)
774;1530 honor pts, 10 Arathi Basin Mark of Honor (id=20559)
821;428 honor pts, 40 Warsong Gulch Mark of Honor (id=20558)
822;65 honor pts, 20 Warsong Gulch Mark of Honor (id=20558)
823;65 honor pts, 10 Warsong Gulch Mark of Honor (id=20558)
826;214 honor pts, 30 Warsong Gulch Mark of Honor (id=20558)
837;632 honor pts, 40 Warsong Gulch Mark of Honor (id=20558)
838;95 honor pts, 20 Warsong Gulch Mark of Honor (id=20558)
839;95 honor pts, 10 Warsong Gulch Mark of Honor (id=20558)
841;175 honor pts, 20 Arathi Basin Mark of Honor (id=20559)
855;175 honor pts, 30 Arathi Basin Mark of Honor (id=20559)
871;316 honor pts, 30 Warsong Gulch Mark of Honor (id=20558)
883;938 honor pts, 40 Warsong Gulch Mark of Honor (id=20558)
884;141 honor pts, 20 Warsong Gulch Mark of Honor (id=20558)
885;141 honor pts, 10 Warsong Gulch Mark of Honor (id=20558)
887;258 honor pts, 20 Arathi Basin Mark of Honor (id=20559)
901;258 honor pts, 30 Arathi Basin Mark of Honor (id=20559)
917;469 honor pts, 30 Warsong Gulch Mark of Honor (id=20558)
929;1387 honor pts, 40 Warsong Gulch Mark of Honor (id=20558)
930;208 honor pts, 20 Warsong Gulch Mark of Honor (id=20558)
931;208 honor pts, 10 Warsong Gulch Mark of Honor (id=20558)
933;382 honor pts, 20 Arathi Basin Mark of Honor (id=20559)
947;382 honor pts, 30 Arathi Basin Mark of Honor (id=20559)
968;694 honor pts, 30 Warsong Gulch Mark of Honor (id=20558)
986;208 honor pts, 10 Arathi Basin Mark of Honor (id=20559)
989;422 honor pts, 20 Warsong Gulch Mark of Honor (id=20558)
990;624 honor pts, 20 Warsong Gulch Mark of Honor (id=20558)
1000;60 Arathi Basin Mark of Honor (id=20559)
1002;30 Alterac Valley Mark of Honor (id=20560)
1003;60 Alterac Valley Mark of Honor (id=20560)
1005;50 Alterac Valley Mark of Honor (id=20560)
1006;20 Alterac Valley Mark of Honor (id=20560), 20 Arathi Basin Mark of Honor (id=20559), 20 Warsong Gulch Mark of Honor (id=20558)
1007;3 Arathi Basin Mark of Honor (id=20559), 3 Warsong Gulch Mark of Honor (id=20558)
1009;60 Warsong Gulch Mark of Honor (id=20558)
1015;25 Badge of Justice (id=29434)
1027;41 Badge of Justice (id=29434)
1037;33 Badge of Justice (id=29434)
1040;50 Badge of Justice (id=29434)
1050;95 honor pts, 10 Arathi Basin Mark of Honor (id=20559)
1054;258 honor pts, 30 Warsong Gulch Mark of Honor (id=20558)
1055;118 honor pts, 30 Warsong Gulch Mark of Honor (id=20558)
1061;20 Arathi Basin Mark of Honor (id=20559)
1062;20 Alterac Valley Mark of Honor (id=20560)
1076;20 Glowcap (id=24245)
1077;45 Glowcap (id=24245)
1110;30 Arathi Basin Mark of Honor (id=20559)
1111;30 Warsong Gulch Mark of Honor (id=20558)
1184;2 Holy Dust (id=29735)
1188;8 Holy Dust (id=29735)
1192;2 Arcane Rune (id=29736)
1196;8 Arcane Rune (id=29736)
1200;Chestguard of the Fallen Champion (id=29754)
1203;Gloves of the Fallen Champion (id=29757)
1206;Helm of the Fallen Champion (id=29760)
1209;Leggings of the Fallen Champion (id=29766)
1212;Pauldrons of the Fallen Champion (id=29763)
1215;Chestguard of the Fallen Hero (id=29755)
1216;Gloves of the Fallen Hero (id=29756)
1217;Helm of the Fallen Hero (id=29759)
1218;Leggings of the Fallen Hero (id=29765)
1219;Pauldrons of the Fallen Hero (id=29762)
1235;Chestguard of the Fallen Defender (id=29753)
1237;Gloves of the Fallen Defender (id=29758)
1239;Helm of the Fallen Defender (id=29761)
1241;Leggings of the Fallen Defender (id=29767)
1243;Pauldrons of the Fallen Defender (id=29764)
1332;Chestguard of the Vanquished Defender (id=30237)
1333;Gloves of the Vanquished Defender (id=30240)
1334;Helm of the Vanquished Defender (id=30243)
1335;Leggings of the Vanquished Defender (id=30246)
1336;Pauldrons of the Vanquished Defender (id=30249)
1342;Chestguard of the Vanquished Champion (id=30236)
1343;Gloves of the Vanquished Champion (id=30239)
1344;Helm of the Vanquished Champion (id=30242)
1345;Leggings of the Vanquished Champion (id=30245)
1346;Pauldrons of the Vanquished Champion (id=30248)
1357;Chestguard of the Vanquished Hero (id=30238)
1358;Gloves of the Vanquished Hero (id=30241)
1359;Helm of the Vanquished Hero (id=30244)
1360;Leggings of the Vanquished Hero (id=30247)
1361;Pauldrons of the Vanquished Hero (id=30250)
1431;1875 arena pts, 1850 arenarank
1432;1125 arena pts, 1850 arenarank
1435;1500 arena pts, 2000 arenarank
1442;7905 honor pts, 60 Warsong Gulch Mark of Honor (id=20558)
1452;20 Badge of Justice (id=29434)
1454;30 Badge of Justice (id=29434)
1468;8160 honor pts, 60 Alterac Valley Mark of Honor (id=20560)
1474;Gloves of the Forgotten Protector (id=31094)
1476;Helm of the Forgotten Protector (id=31095)
1478;Chestguard of the Forgotten Protector (id=31091)
1480;Leggings of the Forgotten Protector (id=31100)
1482;Pauldrons of the Forgotten Protector (id=31103)
1485;Gloves of the Forgotten Conqueror (id=31092)
1488;Helm of the Forgotten Conqueror (id=31097)
1491;Chestguard of the Forgotten Conqueror (id=31089)
1494;Leggings of the Forgotten Conqueror (id=31098)
1497;Pauldrons of the Forgotten Conqueror (id=31101)
1520;Gloves of the Forgotten Vanquisher (id=31093)
1521;Helm of the Forgotten Vanquisher (id=31096)
1522;Chestguard of the Forgotten Vanquisher (id=31090)
1523;Leggings of the Forgotten Vanquisher (id=31099)
1524;Pauldrons of the Forgotten Vanquisher (id=31102)
1564;8 honor pts
1565;5 honor pts
1642;15 Badge of Justice (id=29434)
1645;Silken Thread (id=4291)
1646;100 Halaa Battle Token (id=26045), 20 Halaa Research Token (id=26044)
1647;70 Halaa Battle Token (id=26045), 15 Halaa Research Token (id=26044)
1648;2 Arathi Basin Mark of Honor (id=20559)
1649;2 Alterac Valley Mark of Honor (id=20560)
1652;2 Eye of the Storm Mark of Honor (id=29024)
1653;2 Warsong Gulch Mark of Honor (id=20558)
1664;3750 arena pts
1670;2625 arena pts, 1850 arenarank
1757;3150 arena pts, 1850 arenarank
1758;1000 arena pts
1765;2 Halaa Research Token (id=26044)
1909;10 Badge of Justice (id=29434)
1910;35 Apexis Shard (id=32569)
1911;17850 honor pts, 40 Eye of the Storm Mark of Honor (id=29024)
1923;17850 honor pts, 40 Arathi Basin Mark of Honor (id=20559)
1935;11794 honor pts, 20 Warsong Gulch Mark of Honor (id=20558)
1948;3 Apexis Shard (id=32569)
1949;2 Apexis Shard (id=32569)
1950;4 Apexis Crystal (id=32572), 100 Apexis Shard (id=32569)
1952;Apexis Crystal (id=32572), 50 Apexis Shard (id=32569)
1958;10 Apexis Shard (id=32569)
1959;Mark of the Illidari (id=32897)
1963;Coilfang Armaments (id=24368)
1973;40 Apexis Shard (id=32569)
1979;160 Apexis Shard (id=32569)
1981;4 Apexis Crystal (id=32572)
1985;3 Apexis Crystal (id=32572)
1992;2 Spirit Shard (id=28558)
1994;10 Glowcap (id=24245)
2028;15300 honor pts, 10 Alterac Valley Mark of Honor (id=20560)
2049;75 Badge of Justice (id=29434)
2059;60 Badge of Justice (id=29434)
2060;35 Badge of Justice (id=29434)
2236;4 Halaa Research Token (id=26044)
2237;27000 honor pts, 40 Alterac Valley Mark of Honor (id=20560)
2238;25200 honor pts, 20 Eye of the Storm Mark of Honor (id=29024)
2239;18000 honor pts, 20 Eye of the Storm Mark of Honor (id=29024)
2240;9000 honor pts, 20 Eye of the Storm Mark of Honor (id=29024)
2241;8000 honor pts, 10 Eye of the Storm Mark of Honor (id=29024)
2242;15000 honor pts, 20 Eye of the Storm Mark of Honor (id=29024)
2248;11934 honor pts, 10 Eye of the Storm Mark of Honor (id=29024)
2249;11424 honor pts, 40 Arathi Basin Mark of Honor (id=20559)
2250;11424 honor pts, 40 Eye of the Storm Mark of Honor (id=29024)
2251;7548 honor pts, 20 Warsong Gulch Mark of Honor (id=20558)
2252;9547 honor pts, 10 Eye of the Storm Mark of Honor (id=29024)
2253;9547 honor pts, 10 Alterac Valley Mark of Honor (id=20560)
2254;19125 honor pts, 20 Eye of the Storm Mark of Honor (id=29024)
2255;12240 honor pts, 20 Eye of the Storm Mark of Honor (id=29024)
2256;38250 honor pts, 40 Alterac Valley Mark of Honor (id=20560)
2257;24480 honor pts, 40 Alterac Valley Mark of Honor (id=20560)
2258;20655 honor pts, 30 Arathi Basin Mark of Honor (id=20559)
2259;13219 honor pts, 30 Arathi Basin Mark of Honor (id=20559)
2260;12622 honor pts, 20 Alterac Valley Mark of Honor (id=20560)
2261;8078 honor pts, 20 Alterac Valley Mark of Honor (id=20560)
2262;20081 honor pts, 30 Alterac Valley Mark of Honor (id=20560)
2263;12852 honor pts, 30 Alterac Valley Mark of Honor (id=20560)
2264;20081 honor pts, 30 Warsong Gulch Mark of Honor (id=20558)
2265;12852 honor pts, 30 Warsong Gulch Mark of Honor (id=20558)
2266;12622 honor pts, 20 Arathi Basin Mark of Honor (id=20559)
2267;8078 honor pts, 20 Arathi Basin Mark of Honor (id=20559)
2268;11794 honor pts, 20 Arathi Basin Mark of Honor (id=20559)
2269;7548 honor pts, 20 Arathi Basin Mark of Honor (id=20559)
2270;25500 honor pts, 40 Alterac Valley Mark of Honor (id=20560)
2271;16320 honor pts, 40 Alterac Valley Mark of Honor (id=20560)
2272;50 Apexis Shard (id=32569)
2273;600 Brewfest Prize Ticket (id=37829)
2274;50 Brewfest Prize Ticket (id=37829)
2275;100 Brewfest Prize Ticket (id=37829)
2276;200 Brewfest Prize Ticket (id=37829)
2277;10500 honor pts, 20 Alterac Valley Mark of Honor (id=20560)
2278;11250 honor pts, 20 Arathi Basin Mark of Honor (id=20559)
2279;14500 honor pts, 30 Arathi Basin Mark of Honor (id=20559)
2280;14500 honor pts, 30 Alterac Valley Mark of Honor (id=20560)
2281;14500 honor pts, 30 Warsong Gulch Mark of Honor (id=20558)
2282;3750 arena pts, 1850 arenarank
2283;1125 arena pts
2284;3150 arena pts
2285;1875 arena pts
2286;1125 arena pts
2287;2625 arena pts
2288;1500 arena pts
2289;30000 honor pts, 40 Alterac Valley Mark of Honor (id=20560)
2290;19125 honor pts, 20 Arathi Basin Mark of Honor (id=20559)
2291;12240 honor pts, 20 Arathi Basin Mark of Honor (id=20559)
2292;Felfury Legplates (id=34180), Sunmote (id=34664)
2293;Legplates of the Holy Juggernaut (id=34167), Sunmote (id=34664)
2294;Chain Links of the Tumultuous Storm (id=34186), Sunmote (id=34664)
2295;Breeches of Natural Aggression (id=34169), Sunmote (id=34664)
2296;Leggings of the Immortal Night (id=34188), Sunmote (id=34664)
2297;Pantaloons of Calming Strife (id=34170), Sunmote (id=34664)
2298;Pauldrons of Perseverance (id=34192), Sunmote (id=34664)
2299;Spaulders of the Thalassian Savior (id=34193), Sunmote (id=34664)
2300;Equilibrium Epaulets (id=34208), Sunmote (id=34664)
2301;Spaulders of Reclamation (id=34209), Sunmote (id=34664)
2302;Shoulderpads of Vehemence (id=34195), Sunmote (id=34664)
2303;Shawl of Wonderment (id=34202), Sunmote (id=34664)
2304;Warharness of Reckless Fury (id=34215), Sunmote (id=34664)
2305;Heroic Judicator's Chestguard (id=34216), Sunmote (id=34664)
2306;Garments of Serene Shores (id=34229), Sunmote (id=34664)
2307;Harness of Carnal Instinct (id=34211), Sunmote (id=34664)
2308;Sunglow Vest (id=34212), Sunmote (id=34664)
2309;Robes of Faltered Light (id=34233), Sunmote (id=34664)
2310;Crown of Anasterian (id=34345), Sunmote (id=34664)
2311;Helm of Burning Righteousness (id=34243), Sunmote (id=34664)
2312;Cowl of Gul'dan (id=34332), Sunmote (id=34664)
2313;Cover of Ursol the Wise (id=34245), Sunmote (id=34664)
2314;Duplicitous Guise (id=34244), Sunmote (id=34664)
2315;Cowl of Light's Purity (id=34339), Sunmote (id=34664)
2316;Handguards of the Dawn (id=34342), Sunmote (id=34664)
2317;Tranquil Majesty Wraps (id=34351), Sunmote (id=34664)
2318;Shadowed Gauntlets of Paroxysm (id=34234), Sunmote (id=34664)
2319;Gauntlets of the Ancient Shadowmoon (id=34350), Sunmote (id=34664)
2320;Bracers of the Forgotten Conqueror (id=34848)
2321;Bracers of the Forgotten Vanquisher (id=34852)
2322;Belt of the Forgotten Protector (id=34854)
2323;Bracers of the Forgotten Protector (id=34851)
2324;Belt of the Forgotten Conqueror (id=34853)
2325;Belt of the Forgotten Vanquisher (id=34855)
2326;Boots of the Forgotten Conqueror (id=34856)
2327;Boots of the Forgotten Vanquisher (id=34858)
2328;Boots of the Forgotten Protector (id=34857)
2329;150 Badge of Justice (id=29434)
2330;125 Badge of Justice (id=29434)
2331;105 Badge of Justice (id=29434)
2332;45 Badge of Justice (id=29434)
2333;100 Badge of Justice (id=29434)
2334;1875 arena pts, 1650 arenarank
2335;1125 arena pts, 1550 arenarank
2336;1875 arena pts, 1750 arenarank
2337;1875 arena pts, 1600 arenarank
2338;1125 arena pts, 1750 arenarank
2339;1000 arena pts, 1750 arenarank
2340;2150 arena pts, 1700 arenarank
2341;1110 arena pts, 1700 arenarank
2342;1125 arena pts
2343;675 arena pts
2344;1575 arena pts, 1700 arenarank
2345;675 arena pts, 1700 arenarank
2346;1125 arena pts, 1700 arenarank
2347;40 Badge of Justice (id=29434)
2348;2 Burning Blossom (id=23247)
2349;5 Burning Blossom (id=23247)
2350;20 Burning Blossom (id=23247)
2351;100 Burning Blossom (id=23247)
2352;200 Burning Blossom (id=23247)
2353;350 Burning Blossom (id=23247)
2354;1 honor pts
2355;Borean Leather (id=33568)
2356;650 arena pts, 1750 arenarank
2357;650 arena pts
2358;1304 arena pts, 1850 arenarank
2359;1500 arena pts, 2200 arenarank
2360;3750 arena pts, 2050 arenarank
2361;3150 arena pts, 2050 arenarank
2362;2625 arena pts, 2050 arenarank
2363;1125 arena pts, 2050 arenarank
2364;1875 arena pts, 2050 arenarank
2365;1875 arena pts, 1700 arenarank
2366;1875 arena pts, 1550 arenarank
2367;2250 arena pts, 1800 arenarank
2368;1110 arena pts, 1800 arenarank
2369;1575 arena pts, 1800 arenarank
2370;1575 arena pts, 1800 arenarank
2371;675 arena pts, 1800 arenarank
2372;1125 arena pts, 1800 arenarank
2373;1304 arena pts, 1950 arenarank
2374;600 arena pts
2375;650 arena pts, 2050 arenarank
2376;4 Borean Leather (id=33568)
2377;3000 arena pts, 1800 arenarank
2378;2520 arena pts, 1800 arenarank
2379;900 arena pts
2380;800 arena pts
2381;2100 arena pts, 1800 arenarank
2382;900 arena pts, 1800 arenarank
2383;1500 arena pts, 1800 arenarank
2384;1150 arena pts, 1950 arenarank
2385;2520 arena pts, 1800 arenarank
2386;3000 arena pts, 1800 arenarank
2387;900 arena pts
2388;800 arena pts
2389;2100 arena pts, 1800 arenarank
2390;900 arena pts, 1800 arenarank
2391;1500 arena pts, 1800 arenarank
2392;1200 arena pts, 1950 arenarank
2393;650 arena pts, 2050 arenarank
2394;200 Venture Coin (id=37836)
2395;200 Venture Coin (id=37836)
2396;120 Venture Coin (id=37836)
2397;200 Brewfest Prize Token (id=37829)
2398;2 Brewfest Prize Token (id=37829)
2399;20 Brewfest Prize Token (id=37829)
2400;17850 honor pts, 40 Eye of the Storm Mark of Honor (id=29024), 1700 arenarank
2401;11794 honor pts, 20 Warsong Gulch Mark of Honor (id=20558), 1575 arenarank
2402;15300 honor pts, 10 Alterac Valley Mark of Honor (id=20560), 1650 arenarank
2403;40000 honor pts
2404;8000 honor pts
2405;9199 honor pts, 20 Warsong Gulch Mark of Honor (id=20558)
2406;13923 honor pts, 40 Eye of the Storm Mark of Honor (id=29024)
2407;500 Ethereal Credit (id=38186)
2408;100 Ethereal Credit (id=38186)
2409;250 Ethereal Credit (id=38186)
2410;1000 Ethereal Credit (id=38186)
2411;50 Ethereal Credit (id=38186)
2412;25 Ethereal Credit (id=38186)
2413;Winterfin Clam (id=34597)
2414;50 Winterfin Clam (id=34597)
2415;30 Winterfin Clam (id=34597)
2416;5 Winterfin Clam (id=34597)
2417;20 Winterfin Clam (id=34597)
2418;100 Winterfin Clam (id=34597)
2419;60 Winterfin Clam (id=34597)
2420;30 Venture Coin (id=37836)
2421;70 Venture Coin (id=37836)
2422;50 Venture Coin (id=37836)
2423;800 arena pts
2424;5 Brewfest Prize Token (id=37829)
2425;9500 honor pts, 10 Alterac Valley Mark of Honor (id=20560)
2426;1250 honor pts
2427;35000 honor pts, 40 Alterac Valley Mark of Honor (id=20560)
2428;20000 honor pts, 20 Arathi Basin Mark of Honor (id=20559)
2429;3 Dalaran Jewelcrafter's Token (id=41596)
2430;5 Dalaran Jewelcrafter's Token (id=41596)
2431;250 arena pts
2432;400 arena pts
2433;Dalaran Jewelcrafter's Token (id=41596)
2434;2 Dalaran Jewelcrafter's Token (id=41596)
2435;Alterac Valley Mark of Honor (id=20560), Arathi Basin Mark of Honor (id=20559), Eye of the Storm Mark of Honor (id=29024), Warsong Gulch Mark of Honor (id=20558), Strand of the Ancients Mark of Honor (id=42425)
2436;4 Dalaran Jewelcrafter's Token (id=41596)
2437;100 Oshu'gun Relic (id=25634)
2438;24000 honor pts, 700 arena pts
2439;20000 honor pts, 575 arena pts
2440;12000 honor pts, 350 arena pts
2441;7200 honor pts, 200 arena pts
2442;16800 honor pts, 475 arena pts
2443;7200 honor pts, 200 arena pts
2444;6400 honor pts, 175 arena pts
2445;9600 honor pts, 275 arena pts
2446;24800 honor pts
2447;15800 honor pts
2448;19000 honor pts
2449;24000 honor pts, 1400 arena pts, 1705 arenarank
2450;20000 honor pts, 1150 arena pts, 1705 arenarank
2451;12000 honor pts, 700 arena pts, 1675 arenarank
2452;7200 honor pts, 400 arena pts, 1615 arenarank
2453;12000 honor pts, 700 arena pts, 1735 arenarank
2454;12000 honor pts, 700 arena pts, 1645 arenarank
2455;16800 honor pts, 950 arena pts, 1705 arenarank
2456;7200 honor pts, 400 arena pts, 1705 arenarank
2457;6400 honor pts, 350 arena pts, 1705 arenarank
2458;12000 honor pts, 700 arena pts, 1705 arenarank
2459;9600 honor pts, 550 arena pts, 1775 arenarank
2460;4500 arena pts, 1930 arenarank
2461;3750 arena pts, 1930arenarank
2462;2250 arena pts, 1870 arenarank
2463;1350 arena pts, 1750 arenarank
2464;2250 arena pts, 1990 arenarank
2465;2250 arena pts, 1810 arenarank
2466;3150 arena pts, 1930 arenarank
2467;1350 arena pts, 1930 arenarank
2468;1200 arena pts, 1930 arenarank
2469;2250 arena pts, 1930 arenarank
2470;1750 arena pts, 2050 arenarank
2471;31000 honor pts, 1630 arenarank
2472;31000 honor pts, 1720 arenarank
2473;19700 honor pts, 1660 arenarank
2474;23700 honor pts, 1750 arenarank
2475;23700 honor pts, 1600 arenarank
2476;23700 honor pts, 1690 arenarank
2477;31000 honor pts, 1800 arenarank
2478;3 Dalaran Cooking Award (id=43016)
2479;5 Dalaran Cooking Award (id=43016)
2480;Dalaran Cooking Award (id=43016)
2481;12 Stone Keeper's Shard (id=43228)
2482;24 Stone Keeper's Shard (id=43228)
2483;12 honor pts
2484;10 Emblem of Heroism (id=40752)
2485;Chestguard of the Lost Vanquisher (id=40612)
2486;Gloves of the Lost Vanquisher (id=40615)
2487;Helm of the Lost Vanquisher (id=40618)
2488;Leggings of the Lost Vanquisher (id=40621)
2489;Spaulders of the Lost Vanquisher (id=40624)
2490;Helm of the Lost Conqueror (id=40616)
2491;Chestguard of the Lost Conqueror (id=40610)
2492;Leggings of the Lost Conqueror (id=40619)
2493;Spaulders of the Lost Conqueror (id=40622)
2494;Gloves of the Lost Conqueror (id=40613)
2495;Chestguard of the Lost Protector (id=40611)
2496;Gloves of the Lost Protector (id=40614)
2497;Helm of the Lost Protector (id=40617)
2498;Leggings of the Lost Protector (id=40620)
2499;Spaulders of the Lost Protector (id=40623)
2500;10 Relic of Ulduar (id=42780)
2501;2 Relic of Ulduar (id=42780)
2502;250 Relic of Ulduar (id=42780)
2503;Gauntlets of the Lost Conqueror (id=40628)
2504;Breastplate of the Lost Conqueror (id=40625)
2505;Crown of the Lost Conqueror (id=40631)
2506;Legplates of the Lost Conqueror (id=40634)
2507;Mantle of the Lost Conqueror (id=40637)
2508;Breastplate of the Lost Protector (id=40626)
2509;Crown of the Lost Protector (id=40632)
2510;Gauntlets of the Lost Protector (id=40629)
2511;Legplates of the Lost Protector (id=40635)
2512;Mantle of the Lost Protector (id=40638)
2513;Breastplate of the Lost Vanquisher (id=40627)
2514;Crown of the Lost Vanquisher (id=40633)
2515;Gauntlets of the Lost Vanquisher (id=40630)
2516;Legplates of the Lost Vanquisher (id=40636)
2517;Mantle of the Lost Vanquisher (id=40639)
2518;15 Necrotic Rune (id=22484)
2519;20 Necrotic Rune (id=22484)
2520;8 Necrotic Rune (id=22484)
2521;30 Necrotic Rune (id=22484)
2522;40 Necrotic Rune (id=22484)
2523;25 Emblem of Heroism (id=40752)
2524;40 Emblem of Heroism (id=40752)
2525;15 Emblem of Heroism (id=40752)
2526;60 Emblem of Heroism (id=40752)
2527;75 Emblem of Heroism (id=40752)
2528;45 Emblem of Heroism (id=40752)
2529;30 Emblem of Heroism (id=40752)
2530;100 Emblem of Heroism (id=40752)
2531;35 Emblem of Heroism (id=40752)
2532;50 Emblem of Heroism (id=40752)
2533;80 Emblem of Heroism (id=40752)
2534;25 Emblem of Valor (id=40753)
2535;60 Emblem of Valor (id=40753)
2536;40 Emblem of Valor (id=40753)
2537;60 Emblem of Valor (id=40753)
2538;75 Emblem of Valor (id=40753)
2539;45 Emblem of Valor (id=40753)
2540;30 Emblem of Valor (id=40753)
2541;10 Dalaran Cooking Award (id=43016)
2542;200 Stone Keeper's Shard (id=43228)
2543;325 Stone Keeper's Shard (id=43228)
2544;250 Stone Keeper's Shard (id=43228)
2545;20 Stone Keeper's Shard (id=43228)
2546;30 Stone Keeper's Shard (id=43228)
2547;15 Stone Keeper's Shard (id=43228)
2548;100 Stone Keeper's Shard (id=43228)
2549;40 Stone Keeper's Shard (id=43228)
2550;200 Emblem of Heroism (id=40752)
2551;65 Emblem of Heroism (id=40752)
2552;300 Stone Keeper's Shard (id=43228)
2553;4 Dream Shard (id=34052)
2554;10 Dream Shard (id=34052)
2555;3 Heavy Borean Leather (id=38425)
2556;2 Arctic Fur (id=44128)
2557;2500 honor pts
2558;6 Dalaran Jewelcrafter's Token (id=41596)
2559;49600 honor pts
2560;31600 honor pts
2561;38000 honor pts
2562;62000 honor pts, 1630 arenarank
2563;62000 honor pts, 1720 arenarank
2564;39400 honor pts, 1660 arenarank
2565;47400 honor pts, 1750 arenarank
2566;47400 honor pts, 1600 arenarank
2567;47400 honor pts, 1690 arenarank
2568;62000 honor pts, 1800 arenarank
2569;60000 honor pts
2570;50000 honor pts
2571;10 Noblegarden Chocolate (id=44791)
2572;25 Noblegarden Chocolate (id=44791)
2573;50 Noblegarden Chocolate (id=44791)
2574;100 Noblegarden Chocolate (id=44791)
2575;5 Noblegarden Chocolate (id=44791)
2576;9 Wintergrasp Mark of Honor (id=43589)
2577;15 Wintergrasp Mark of Honor (id=43589)
2578;25 Wintergrasp Mark of Honor (id=43589)
2579;40 Wintergrasp Mark of Honor (id=43589)
2580;Coin of Ancestry (id=21100)
2581;5 Coin of Ancestry (id=21100)
2582;Ink of the Sea (id=43126)
2583;10 Ink of the Sea (id=43126)
2584;5 Abyss Crystal (id=34057)
2585;2 Winterfin Clam (id=34597)
2586;2 Winterfin Clam (id=34597)
2587;10 Winterfin Clam (id=34597)
2588;10000 honor pts
2589;Emblem of Valor (id=40753)
2590;100 honor pts, 200 arena pts, 2 Emblem of Heroism (id=40752), 2 Emblem of Valor (id=40753), 2 Stone Keeper's Shard (id=43228)
2591;Band of the Kirin Tor (id=40586)
2592;Band of the Kirin Tor (id=40586)
2593;Loop of the Kirin Tor (id=44934)
2594;Ring of the Kirin Tor (id=44935)
2595;Signet of the Kirin Tor (id=40585)
2596;100 arena pts
2597;15 Champion's Seal (id=44990)
2598;50 Champion's Seal (id=44990)
2599;40 Champion's Seal (id=44990)
2600;100 Champion's Seal (id=44990)
2601;25 Champion's Seal (id=44990)
2602;10 Champion's Seal (id=44990)
2603;150 Champion's Seal (id=44990)
2604;18 Emblem of Conquest (id=45624)
2605;30400 honor pts
2606;19 Emblem of Conquest (id=45624)
2607;28 Emblem of Conquest (id=45624)
2608;6400 honor pts, 350 arena pts, 700 arenarank
2609;7200 honor pts, 400 arena pts, 800 arenarank
2610;12000 honor pts, 700 arena pts, 900 arenarank
2611;12000 honor pts, 700 arena pts, 1000 arenarank
2612;12000 honor pts, 700 arena pts, 1100 arenarank
2613;9600 honor pts, 550 arena pts, 1350 arenarank
2614;39400 honor pts, 1400 arenarank
2615;62000 honor pts, 1450 arenarank
2616;62000 honor pts, 1500 arenarank
2617;47400 honor pts, 1550 arenarank
2618;47400 honor pts, 1650 arenarank
2619;47400 honor pts, 2000 arenarank
2620;58 Emblem of Conquest (id=45624)
2621;1300 arena pts, 1600 arenarank
2622;2150 arena pts, 1750 arenarank
2623;50000 honor pts, 1400 arena pts, 1850 arenarank
2624;35000 honor pts, 1200 arena pts, 1850 arenarank
2625;35000 honor pts, 1200 arena pts, 1850 arenarank
2626;15000 honor pts, 1100 arena pts, 1850 arenarank
2627;1066 arena pts, 1850 arenarank
2628;1950 arena pts, 1850 arenarank
2629;2150 arena pts, 1900 arenarank
2630;39 Emblem of Conquest (id=45624)
2631;46 Emblem of Conquest (id=45624)
2632;4250 arena pts, 2350 arenarank
2633;3585 arena pts, 2350 arenarank
2634;3000 arena pts, 2350 arenarank
2635;1245 arena pts, 2350 arenarank
2636;500 arena pts, 2350 arenarank
2637;Emblem of Conquest (id=45624)
2638;15 Emblem of Valor (id=40753)
2639;Champion's Writ (id=46114)
2640;Gloves of the Wayward Conqueror (id=45644)
2641;Gauntlets of the Wayward Conqueror (id=45641)
2642;Spaulders of the Wayward Conqueror (id=45659)
2643;Mantle of the Wayward Conqueror (id=45656)
2644;Leggings of the Wayward Conqueror (id=45650)
2645;Legplates of the Wayward Conqueror (id=45653)
2646;Chestguard of the Wayward Conqueror (id=45635)
2647;Breastplate of the Wayward Conqueror (id=45632)
2648;Helm of the Wayward Conqueror (id=45647)
2649;Crown of the Wayward Conqueror (id=45638)
2650;Gloves of the Wayward Protector (id=45645)
2651;Gauntlets of the Wayward Protector (id=45642)
2652;Spaulders of the Wayward Protector (id=45660)
2653;Mantle of the Wayward Protector (id=45657)
2654;Leggings of the Wayward Protector (id=45651)
2655;Legplates of the Wayward Protector (id=45654)
2656;Chestguard of the Wayward Protector (id=45636)
2657;Breastplate of the Wayward Protector (id=45633)
2658;Helm of the Wayward Protector (id=45648)
2659;Crown of the Wayward Protector (id=45639)
2660;Gloves of the Wayward Vanquisher (id=45646)
2661;Gauntlets of the Wayward Vanquisher (id=45643)
2662;Spaulders of the Wayward Vanquisher (id=45661)
2663;Mantle of the Wayward Vanquisher (id=45658)
2664;Leggings of the Wayward Vanquisher (id=45652)
2665;Legplates of the Wayward Vanquisher (id=45655)
2666;Chestguard of the Wayward Vanquisher (id=45637)
2667;Breastplate of the Wayward Vanquisher (id=45634)
2668;Helm of the Wayward Vanquisher (id=45649)
2669;Crown of the Wayward Vanquisher (id=45640)
2670;100 Dalaran Cooking Award (id=43016)
2671;5 Champion's Seal (id=44990)
2673;60 Champion's Seal (id=44990)
2674;95 Champion's Seal (id=44990)
2675;75 Champion's Seal (id=44990)
2676;2000 arena pts, 1850 arenarank
2677;2000 arena pts, 1850 arenarank(1)
2678;2000 arena pts, 1850 arenarank(2)
2679;Regalia of the Grand Conqueror  (id=47557)
2680;Regalia of the Grand Protector (id=47558)
2681;Regalia of the Grand Vanquisher (id=47559)
2682;25 Emblem of Triumph (id=47241)
2683;75 Emblem of Triumph (id=47241), Trophy of the Crusade (id=47242)
2684;45 Emblem of Triumph (id=47241), Trophy of the Crusade (id=47242)
2685;35 Emblem of Triumph (id=47241)
2686;50 Emblem of Triumph (id=47241)
2687;30 Emblem of Triumph (id=47241)
2688;2150 arena pts, 1600 arenarank
2689;1300 arena pts, 1400 arenarank
2690;2150 arena pts, 1900 arenarank
2691;2150 arena pts, 1550 arenarank
2692;1750 arena pts, 2000 arenarank(1)
2693;50000 honor pts, 1400 arena pts, 1800 arenarank
2694;4250 arena pts, 2200 arenarank(1)
2695;35000 honor pts, 1200 arena pts, 1800 arenarank
2696;3585 arena pts, 2200 arenarank(1)
2697;3000 arena pts, 2200 arenarank(1)
2698;15000 honor pts, 1100 arena pts, 1800 arenarank
2699;1245 arena pts, 2200 arenarank(1)
2700;1150 arena pts, 1800 arenarank
2701;300 arena pts, 1800 arenarank
2702;Inscribed Band of the Kirin Tor (id=45688)
2703;Inscribed Loop of the Kirin Tor (id=45689)
2704;Inscribed Ring of the Kirin Tor (id=45690)
2705;Inscribed Signet of the Kirin Tor (id=45691)
2706;20 Emblem of Heroism (id=40752)
2707;Emblem of Triumph (id=47241)
2708;75 Emblem of Triumph (id=47241)
2709;45 Emblem of Triumph (id=47241)
2710;10 Titanium Powder (id=46849)
2711;75 Emblem of Conquest (id=45624)
2712;62000 honor pts, 1250 arenarank
2713;62000 honor pts, 1300 arenarank
2714;39400 honor pts, 1200 arenarank
2715;47400 honor pts, 1750 arenarank
2716;47400 honor pts, 1450 arenarank
2717;47400 honor pts, 1500 arenarank
2718;62000 honor pts, 1650 arenarank
2719;1100 arena pts, 1850 arenarank
2720;300 arena pts, 1800 arenarank
2721;1100 arena pts, 1850 arenarank
2722;500 arena pts, 2350 arenarank
2723;15 Emblem of Triumph (id=47241)
2724;10 Heavy Borean Leather (id=38425)
2725;Love Token (id=49927)
2726;10 Love Token (id=49927)
2727;5 Love Token (id=49927)
2728;2 Love Token (id=49927)
2729;40 Love Token (id=49927)
2730;Lovely Charm Bracelet (id=49916)
2731;Primordial Saronite (id=49908)
2732;30 Love Token (id=49927)
2733;20 Love Token (id=49927)
2734;Emblem of Triumph (id=47241)
2735;Etched Signet of the Kirin Tor (id=48957)
2736;Etched Ring of the Kirin Tor (id=48956)
2737;Etched Loop of the Kirin Tor (id=48955)
2738;Etched Band of the Kirin Tor (id=48954)
2739;30 Emblem of Frost (id=49426)
2740;60 Emblem of Frost (id=49426)
2741;50 Emblem of Frost (id=49426)
2742;95 Emblem of Frost (id=49426)
2743;Emblem of Frost (id=49426)
2744;23 Emblem of Frost (id=49426)
2745;Vanquisher's Mark of Sanctification (id=52025), Bloodmage Shoulderpads (id=50279)
2746;Vanquisher's Mark of Sanctification (id=52025), Bloodmage Robe (id=50278)
2747;Vanquisher's Mark of Sanctification (id=52025), Bloodmage Leggings (id=50277)
2748;Vanquisher's Mark of Sanctification (id=52025), Bloodmage Hood (id=50276)
2749;Vanquisher's Mark of Sanctification (id=52025), Bloodmage Gloves (id=50275)
2750;Vanquisher's Mark of Sanctification (id=52028), Sanctified Bloodmage Gloves (id=51159)
2751;Vanquisher's Mark of Sanctification (id=52028), Sanctified Bloodmage Hood (id=51158)
2752;Vanquisher's Mark of Sanctification (id=52028), Sanctified Bloodmage Leggings (id=51157)
2753;Vanquisher's Mark of Sanctification (id=52028), Sanctified Bloodmage Robe (id=51156)
2754;Vanquisher's Mark of Sanctification (id=52028), Sanctified Bloodmage Shoulderpads (id=51155)
2755;Vanquisher's Mark of Sanctification (id=52025), Shadowblade Pauldrons (id=50105)
2756;Vanquisher's Mark of Sanctification (id=52025), Shadowblade Legplates (id=50090)
2757;Vanquisher's Mark of Sanctification (id=52025), Shadowblade Helmet (id=50089)
2758;Vanquisher's Mark of Sanctification (id=52025), Shadowblade Gauntlets (id=50088)
2759;Vanquisher's Mark of Sanctification (id=52025), Shadowblade Breastplate (id=50087)
2760;Vanquisher's Mark of Sanctification (id=52028), Sanctified Shadowblade Breastplate (id=51189)
2761;Vanquisher's Mark of Sanctification (id=52028), Sanctified Shadowblade Gauntlets (id=51188)
2762;Vanquisher's Mark of Sanctification (id=52028), Sanctified Shadowblade Helmet (id=51187)
2763;Vanquisher's Mark of Sanctification (id=52028), Sanctified Shadowblade Legplates (id=51186)
2764;Vanquisher's Mark of Sanctification (id=52028), Sanctified Shadowblade Pauldrons (id=51185)
2765;Vanquisher's Mark of Sanctification (id=52025), Lasherweave Pauldrons (id=50113)
2766;Vanquisher's Mark of Sanctification (id=52025), Lasherweave Legplates (id=50109)
2767;Vanquisher's Mark of Sanctification (id=52025), Lasherweave Helmet (id=50108)
2768;Vanquisher's Mark of Sanctification (id=52025), Lasherweave Gauntlets (id=50107)
2769;Vanquisher's Mark of Sanctification (id=52025), Lasherweave Robes (id=50106)
2770;Vanquisher's Mark of Sanctification (id=52028), Sanctified Lasherweave Robes (id=51139)
2771;Vanquisher's Mark of Sanctification (id=52028), Sanctified Lasherweave Gauntlets (id=51138)
2772;Vanquisher's Mark of Sanctification (id=52028), Sanctified Lasherweave Helmet (id=51137)
2773;Vanquisher's Mark of Sanctification (id=52028), Sanctified Lasherweave Legplates (id=51136)
2774;Vanquisher's Mark of Sanctification (id=52028), Sanctified Lasherweave Pauldrons (id=51135)
2775;Vanquisher's Mark of Sanctification (id=52025), Lasherweave Vestment (id=50823)
2776;Vanquisher's Mark of Sanctification (id=52025), Lasherweave Trousers (id=50820)
2777;Vanquisher's Mark of Sanctification (id=52025), Lasherweave Mantle (id=50819)
2778;Vanquisher's Mark of Sanctification (id=52025), Lasherweave Gloves (id=50822)
2779;Vanquisher's Mark of Sanctification (id=52025), Lasherweave Cover (id=50821)
2780;Vanquisher's Mark of Sanctification (id=52028), Sanctified Lasherweave Cover (id=51149)
2781;Vanquisher's Mark of Sanctification (id=52028), Sanctified Lasherweave Gloves (id=51148)
2782;Vanquisher's Mark of Sanctification (id=52028), Sanctified Lasherweave Mantle (id=51147)
2783;Vanquisher's Mark of Sanctification (id=52028), Sanctified Lasherweave Trousers (id=51146)
2784;Vanquisher's Mark of Sanctification (id=52028), Sanctified Lasherweave Vestment (id=51145)
2785;Vanquisher's Mark of Sanctification (id=52025), Lasherweave Shoulderpads (id=50824)
2786;Vanquisher's Mark of Sanctification (id=52025), Lasherweave Raiment (id=50828)
2787;Vanquisher's Mark of Sanctification (id=52025), Lasherweave Legguards (id=50825)
2788;Vanquisher's Mark of Sanctification (id=52025), Lasherweave Headguard (id=50826)
2789;Vanquisher's Mark of Sanctification (id=52025), Lasherweave Handgrips (id=50827)
2790;Vanquisher's Mark of Sanctification (id=52028), Sanctified Lasherweave Handgrips (id=51144)
2791;Vanquisher's Mark of Sanctification (id=52028), Sanctified Lasherweave Headguard (id=51143)
2792;Vanquisher's Mark of Sanctification (id=52028), Sanctified Lasherweave Legguards (id=51142)
2793;Vanquisher's Mark of Sanctification (id=52028), Sanctified Lasherweave Raiment (id=51141)
2794;Vanquisher's Mark of Sanctification (id=52028), Sanctified Lasherweave Shoulderpads (id=51140)
2795;Vanquisher's Mark of Sanctification (id=52025), Scourgelord Shoulderplates (id=50098)
2796;Vanquisher's Mark of Sanctification (id=52025), Scourgelord Legplates (id=50097)
2797;Vanquisher's Mark of Sanctification (id=52025), Scourgelord Helmet (id=50096)
2798;Vanquisher's Mark of Sanctification (id=52025), Scourgelord Gauntlets (id=50095)
2799;Vanquisher's Mark of Sanctification (id=52025), Scourgelord Battleplate (id=50094)
2800;Vanquisher's Mark of Sanctification (id=52028), Sanctified Scourgelord Battleplate (id=51129)
2801;Vanquisher's Mark of Sanctification (id=52028), Sanctified Scourgelord Gauntlets (id=51128)
2802;Vanquisher's Mark of Sanctification (id=52028), Sanctified Scourgelord Helmet (id=51127)
2803;Vanquisher's Mark of Sanctification (id=52028), Sanctified Scourgelord Legplates (id=51126)
2804;Vanquisher's Mark of Sanctification (id=52028), Sanctified Scourgelord Shoulderplates (id=51125)
2805;Vanquisher's Mark of Sanctification (id=52025), Scourgelord Pauldrons (id=50853)
2806;Vanquisher's Mark of Sanctification (id=52025), Scourgelord Legguards (id=50854)
2807;Vanquisher's Mark of Sanctification (id=52025), Scourgelord Handguards (id=50856)
2808;Vanquisher's Mark of Sanctification (id=52025), Scourgelord Faceguard (id=50855)
2809;Vanquisher's Mark of Sanctification (id=52025), Scourgelord Chestguard (id=50857)
2810;Vanquisher's Mark of Sanctification (id=52028), Sanctified Scourgelord Chestguard (id=51134)
2811;Vanquisher's Mark of Sanctification (id=52028), Sanctified Scourgelord Faceguard (id=51133)
2812;Vanquisher's Mark of Sanctification (id=52028), Sanctified Scourgelord Handguards (id=51132)
2813;Vanquisher's Mark of Sanctification (id=52028), Sanctified Scourgelord Legguards (id=51131)
2814;Vanquisher's Mark of Sanctification (id=52028), Sanctified Scourgelord Pauldrons (id=51130)
2815;Conqueror's Mark of Sanctification (id=52027), Lightsworn Tunic (id=50869)
2816;Conqueror's Mark of Sanctification (id=52027), Lightsworn Spaulders (id=50865)
2817;Conqueror's Mark of Sanctification (id=52027), Lightsworn Headpiece (id=50867)
2818;Conqueror's Mark of Sanctification (id=52027), Lightsworn Greaves (id=50866)
2819;Conqueror's Mark of Sanctification (id=52027), Lightsworn Gloves (id=50868)
2820;Conqueror's Mark of Sanctification (id=52030), Sanctified Lightsworn Gloves (id=51169)
2821;Conqueror's Mark of Sanctification (id=52030), Sanctified Lightsworn Greaves (id=51168)
2822;Conqueror's Mark of Sanctification (id=52030), Sanctified Lightsworn Headpiece (id=51167)
2823;Conqueror's Mark of Sanctification (id=52030), Sanctified Lightsworn Spaulders (id=51166)
2824;Conqueror's Mark of Sanctification (id=52030), Sanctified Lightsworn Tunic (id=51165)
2825;Conqueror's Mark of Sanctification (id=52027), Lightsworn Shoulderplates (id=50324)
2826;Conqueror's Mark of Sanctification (id=52027), Lightsworn Legplates (id=50325)
2827;Conqueror's Mark of Sanctification (id=52027), Lightsworn Helmet (id=50326)
2828;Conqueror's Mark of Sanctification (id=52027), Lightsworn Gauntlets (id=50327)
2829;Conqueror's Mark of Sanctification (id=52027), Lightsworn Battleplate (id=50328)
2830;Conqueror's Mark of Sanctification (id=52030), Sanctified Lightsworn Battleplate (id=51164)
2831;Conqueror's Mark of Sanctification (id=52030), Sanctified Lightsworn Gauntlets (id=51163)
2832;Conqueror's Mark of Sanctification (id=52030), Sanctified Lightsworn Helmet (id=51162)
2833;Conqueror's Mark of Sanctification (id=52030), Sanctified Lightsworn Legplates (id=51161)
2834;Conqueror's Mark of Sanctification (id=52030), Sanctified Lightsworn Shoulderplates (id=51160)
2835;Conqueror's Mark of Sanctification (id=52027), Lightsworn Shoulderguards (id=50860)
2836;Conqueror's Mark of Sanctification (id=52027), Lightsworn Legguards (id=50861)
2837;Conqueror's Mark of Sanctification (id=52027), Lightsworn Handguards (id=50863)
2838;Conqueror's Mark of Sanctification (id=52027), Lightsworn Faceguard (id=50862)
2839;Conqueror's Mark of Sanctification (id=52027), Lightsworn Chestguard (id=50864)
2840;Conqueror's Mark of Sanctification (id=52030), Sanctified Lightsworn Chestguard (id=51174)
2841;Conqueror's Mark of Sanctification (id=52030), Sanctified Lightsworn Faceguard (id=51173)
2842;Conqueror's Mark of Sanctification (id=52030), Sanctified Lightsworn Handguards (id=51172)
2843;Conqueror's Mark of Sanctification (id=52030), Sanctified Lightsworn Legguards (id=51171)
2844;Conqueror's Mark of Sanctification (id=52030), Sanctified Lightsworn Shoulderguards (id=51170)
2845;Conqueror's Mark of Sanctification (id=52027), Dark Coven Shoulderpads (id=50244)
2846;Conqueror's Mark of Sanctification (id=52027), Dark Coven Robe (id=50243)
2847;Conqueror's Mark of Sanctification (id=52027), Dark Coven Leggings (id=50242)
2848;Conqueror's Mark of Sanctification (id=52027), Dark Coven Hood (id=50241)
2849;Conqueror's Mark of Sanctification (id=52027), Dark Coven Gloves (id=50240)
2850;Conqueror's Mark of Sanctification (id=52030), Sanctified Dark Coven Gloves (id=51209)
2851;Conqueror's Mark of Sanctification (id=52030), Sanctified Dark Coven Hood (id=51208)
2852;Conqueror's Mark of Sanctification (id=52030), Sanctified Dark Coven Leggings (id=51207)
2853;Conqueror's Mark of Sanctification (id=52030), Sanctified Dark Coven Robe (id=51206)
2854;Conqueror's Mark of Sanctification (id=52030), Sanctified Dark Coven Shoulderpads (id=51205)
2855;Conqueror's Mark of Sanctification (id=52027), Crimson Acolyte Shoulderpads (id=50767)
2856;Conqueror's Mark of Sanctification (id=52027), Crimson Acolyte Robe (id=50768)
2857;Conqueror's Mark of Sanctification (id=52027), Crimson Acolyte Leggings (id=50769)
2858;Conqueror's Mark of Sanctification (id=52027), Crimson Acolyte Hood (id=50765)
2859;Conqueror's Mark of Sanctification (id=52027), Crimson Acolyte Gloves (id=50766)
2860;Conqueror's Mark of Sanctification (id=52030), Sanctified Crimson Acolyte Gloves (id=51179)
2861;Conqueror's Mark of Sanctification (id=52030), Sanctified Crimson Acolyte Hood (id=51178)
2862;Conqueror's Mark of Sanctification (id=52030), Sanctified Crimson Acolyte Leggings (id=51177)
2863;Conqueror's Mark of Sanctification (id=52030), Sanctified Crimson Acolyte Robe (id=51176)
2864;Conqueror's Mark of Sanctification (id=52030), Sanctified Crimson Acolyte Shoulderpads (id=51175)
2865;Conqueror's Mark of Sanctification (id=52027), Crimson Acolyte Raiments (id=50394)
2866;Conqueror's Mark of Sanctification (id=52027), Crimson Acolyte Pants (id=50393)
2867;Conqueror's Mark of Sanctification (id=52027), Crimson Acolyte Mantle (id=50396)
2868;Conqueror's Mark of Sanctification (id=52027), Crimson Acolyte Handwraps (id=50391)
2869;Conqueror's Mark of Sanctification (id=52027), Crimson Acolyte Cowl (id=50392)
2870;Conqueror's Mark of Sanctification (id=52030), Sanctified Crimson Acolyte Cowl (id=51184)
2871;Conqueror's Mark of Sanctification (id=52030), Sanctified Crimson Acolyte Handwraps (id=51183)
2872;Conqueror's Mark of Sanctification (id=52030), Sanctified Crimson Acolyte Mantle (id=51182)
2873;Conqueror's Mark of Sanctification (id=52030), Sanctified Crimson Acolyte Pants (id=51181)
2874;Conqueror's Mark of Sanctification (id=52030), Sanctified Crimson Acolyte Raiments (id=51180)
2875;Protector's Mark of Sanctification (id=52026), Ymirjar Lord's Shoulderplates (id=50082)
2876;Protector's Mark of Sanctification (id=52026), Ymirjar Lord's Legplates (id=50081)
2877;Protector's Mark of Sanctification (id=52026), Ymirjar Lord's Helmet (id=50080)
2878;Protector's Mark of Sanctification (id=52026), Ymirjar Lord's Gauntlets (id=50079)
2879;Protector's Mark of Sanctification (id=52026), Ymirjar Lord's Battleplate (id=50078)
2880;Protector's Mark of Sanctification (id=52029), Sanctified Ymirjar Lord's Battleplate (id=51214)
2881;Protector's Mark of Sanctification (id=52029), Sanctified Ymirjar Lord's Gauntlets (id=51213)
2882;Protector's Mark of Sanctification (id=52029), Sanctified Ymirjar Lord's Helmet (id=51212)
2883;Protector's Mark of Sanctification (id=52029), Sanctified Ymirjar Lord's Legplates (id=51211)
2884;Protector's Mark of Sanctification (id=52029), Sanctified Ymirjar Lord's Shoulderplates (id=51210)
2885;Protector's Mark of Sanctification (id=52026), Ymirjar Lord's Pauldrons (id=50846)
2886;Protector's Mark of Sanctification (id=52026), Ymirjar Lord's Legguards (id=50847)
2887;Protector's Mark of Sanctification (id=52026), Ymirjar Lord's Handguards (id=50849)
2888;Protector's Mark of Sanctification (id=52026), Ymirjar Lord's Greathelm (id=50848)
2889;Protector's Mark of Sanctification (id=52026), Ymirjar Lord's Breastplate (id=50850)
2890;Protector's Mark of Sanctification (id=52029), Sanctified Ymirjar Lord's Breastplate (id=51219)
2891;Protector's Mark of Sanctification (id=52029), Sanctified Ymirjar Lord's Greathelm (id=51218)
2892;Protector's Mark of Sanctification (id=52029), Sanctified Ymirjar Lord's Handguards (id=51217)
2893;Protector's Mark of Sanctification (id=52029), Sanctified Ymirjar Lord's Legguards (id=51216)
2894;Protector's Mark of Sanctification (id=52029), Sanctified Ymirjar Lord's Pauldrons (id=51215)
2895;Protector's Mark of Sanctification (id=52026), Ahn'Kahar Blood Hunter's Tunic (id=50118)
2896;Protector's Mark of Sanctification (id=52026), Ahn'Kahar Blood Hunter's Spaulders (id=50117)
2897;Protector's Mark of Sanctification (id=52026), Ahn'Kahar Blood Hunter's Legguards (id=50116)
2898;Protector's Mark of Sanctification (id=52026), Ahn'Kahar Blood Hunter's Headpiece (id=50115)
2899;Protector's Mark of Sanctification (id=52026), Ahn'Kahar Blood Hunter's Handguards (id=50114)
2900;Protector's Mark of Sanctification (id=52029), Sanctified Ahn'Kahar Blood Hunter's Handguards (id=51154)
2901;Protector's Mark of Sanctification (id=52029), Sanctified Ahn'Kahar Blood Hunter's Headpiece (id=51153)
2902;Protector's Mark of Sanctification (id=52029), Sanctified Ahn'Kahar Blood Hunter's Legguards (id=51152)
2903;Protector's Mark of Sanctification (id=52029), Sanctified Ahn'Kahar Blood Hunter's Spaulders (id=51151)
2904;Protector's Mark of Sanctification (id=52029), Sanctified Ahn'Kahar Blood Hunter's Tunic (id=51150)
2905;Protector's Mark of Sanctification (id=52026), Frost Witch's Tunic (id=50835)
2906;Protector's Mark of Sanctification (id=52026), Frost Witch's Handguards (id=50836)
2907;Protector's Mark of Sanctification (id=52026), Frost Witch's Headpiece (id=50837)
2908;Protector's Mark of Sanctification (id=52026), Frost Witch's Legguards (id=50838)
2909;Protector's Mark of Sanctification (id=52026), Frost Witch's Spaulders (id=50839)
2910;Protector's Mark of Sanctification (id=52029), Sanctified Frost Witch's Tunic (id=51190)
2911;Protector's Mark of Sanctification (id=52029), Sanctified Frost Witch's Handguards (id=51191)
2912;Protector's Mark of Sanctification (id=52029), Sanctified Frost Witch's Headpiece (id=51192)
2913;Protector's Mark of Sanctification (id=52029), Sanctified Frost Witch's Legguards (id=51193)
2914;Protector's Mark of Sanctification (id=52029), Sanctified Frost Witch's Spaulders (id=51194)
2915;Protector's Mark of Sanctification (id=52026), Frost Witch's Chestguard (id=50830)
2916;Protector's Mark of Sanctification (id=52026), Frost Witch's Grips (id=50831)
2917;Protector's Mark of Sanctification (id=52026), Frost Witch's Faceguard (id=50832)
2918;Protector's Mark of Sanctification (id=52026), Frost Witch's War-Kilt (id=50833)
2919;Protector's Mark of Sanctification (id=52026), Frost Witch's Shoulderguards (id=50834)
2920;Protector's Mark of Sanctification (id=52029), Sanctified Frost Witch's Chestguard (id=51195)
2921;Protector's Mark of Sanctification (id=52029), Sanctified Frost Witch's Grips (id=51196)
2922;Protector's Mark of Sanctification (id=52029), Sanctified Frost Witch's Faceguard (id=51197)
2923;Protector's Mark of Sanctification (id=52029), Sanctified Frost Witch's War-Kilt (id=51198)
2924;Protector's Mark of Sanctification (id=52029), Sanctified Frost Witch's War-Kilt (id=51198)
2925;Protector's Mark of Sanctification (id=52026), Frost Witch's Hauberk (id=50841)
2926;Protector's Mark of Sanctification (id=52026), Frost Witch's Gloves (id=50842)
2927;Protector's Mark of Sanctification (id=52026), Frost Witch's Helm (id=50843)
2928;Protector's Mark of Sanctification (id=52026), Frost Witch's Kilt (id=50844)
2929;Protector's Mark of Sanctification (id=52026), Frost Witch's Shoulderpads (id=50845)
2930;Protector's Mark of Sanctification (id=52029), Sanctified Frost Witch's Hauberk (id=51200)
2931;Protector's Mark of Sanctification (id=52029), Sanctified Frost Witch's Gloves (id=51201)
2932;Protector's Mark of Sanctification (id=52029), Sanctified Frost Witch's Helm (id=51202)
2933;Protector's Mark of Sanctification (id=52029), Sanctified Frost Witch's Kilt (id=51203)
2934;Protector's Mark of Sanctification (id=52029), Sanctified Frost Witch's Shoulderpads (id=51204)
2935;Protector's Mark of Sanctification (id=52029), Sanctified Frost Witch's Shoulderguards (id=51199)
2936;55000 honor pts, 1540 arena pts, 1800 arenarank
2937;550 arena pts, 2350 arenarank
2938;550 arena pts, 2300 arenarank
2939;4670 arena pts, 2200 arenarank
2940;3950 arena pts, 2200 arenarank
2941;55000 honor pts , 1540 arena pts, 1800 arenarank
2942;4670 arena pts, 2200 arenarank
2943;38500 honor pts, 1300 arena pts, 1800 arenarank
2944;3300 arena pts, 2200 arenarank
2945;38500 honor pts, 1090 arena pts, 1800 arenarank
2946;16500 honor pts, 450 arena pts, 1800 arenarank
2947;1370 arena pts, 2200 arenarank
2948;1930 arena pts, 2000 arenarank
2949;2370 arena pts, 1950 arenarank
2950;350 arena pts, 1800 arenarank
2951;1260 arena pts, 1700 arenarank
2952;2370 arena pts  1600 arenarank
2953;2370 arena pts, 1500 arenarank
2954;1430 arena pts, 1400 arenarank
2955;10550 honor pts, 600 arena pts
2956;13200 honor pts, 770 arena pts
2957;8000 honor pts, 440 arena pts
2958;34700 honor pts
2959;54500 honor pts
2960;43300 honor pts
2961;68200 honor pts, 1400 arenarank
2962;68200 honor pts, 1300 arenarank
2963;43400 honor pts
2964;52200 honor pts
2965;68200 honor pts
2966;34100 honor pts
2967;21700 honor pts
2968;26100 honor pts
2969;12000 honor pts
2974;Ashen Band of Endless Vengeance (id=50402)
2975;Ashen Band of Unmatched Vengeance (id=50401)
2976;Ashen Band of Greater Vengeance (id=50387)
2977;Ashen Band of Vengeance (id=50376)
2978;Ashen Band of Might (id=52569)
2979;Ashen Band of Greater Might (id=52570)
2980;Ashen Band of Unmatched Might (id=52571)
2981;Ashen Band of Endless Might (id=52571)
2982;Ashen Band of Endless Might (id=52572)
2985;1 Frozen Orb (id=43102)
2986;6 Frozen Orb (id=43102)
2987;4 Frozen Orb (id=43102)
2991;1 Isle of Conquest Mark of Honor (id=47395)
2992;1 Strand of the Ancients Mark of Honor (id=42425)
2993;1 Eye of the Storm Mark of Honor (id=29024)
2994;1 Arathi Basin Mark of Honor (id=20559)
2995;1 Alterac Valley Mark of Honor(id=20560)
2996;1 Warsong Gulch Mark of Honor (id=20558)
2997;22 Emblem of Triumph (id=47241)
